[
  {
    "pk": 26,
    "model": "graphing.basegraph",
    "fields": {
      "shortname": "High Risk Indicators",
      "title": "High Risk Indicators"
    }
  },
  {
    "pk": 25,
    "model": "graphing.basegraph",
    "fields": {
      "shortname": "Percent High Risk Overall",
      "title": "Percent High Risk Overall"
    }
  },
  {
    "pk": 24,
    "model": "graphing.basegraph",
    "fields": {
      "shortname": "Percent High Risk Over Time",
      "title": "Percent High Risk Over Time"
    }
  },
  {
    "pk": 23, 
    "model": "graphing.basegraph", 
    "fields": {
      "shortname": "High Risk v. Regular Cumulative", 
      "title": "High Risk v. Regular Cumulative"
    }
  }, 
  {
    "pk": 22, 
    "model": "graphing.basegraph", 
    "fields": {
      "shortname": "High Risk v. Regular Over Time", 
      "title": "High Risk v. Regular Over Time"
    }
  }, 
  {
    "pk": 20, 
    "model": "graphing.basegraph", 
    "fields": {
      "shortname": "CHW Submissions Over Time", 
      "title": "CHW Submissions Over Time"
    }
  }, 
  {
    "pk": 19, 
    "model": "graphing.basegraph", 
    "fields": {
      "shortname": "Total Submissions by CHW", 
      "title": "Total Submissions by CHW"
    }
  }, 
  {
    "pk": 18, 
    "model": "graphing.basegraph", 
    "fields": {
      "shortname": "CHW Submissions Today", 
      "title": "CHW Submissions Today"
    }
  }, 
  {
    "pk": 17, 
    "model": "graphing.basegraph", 
    "fields": {
      "shortname": "Avg time with patient", 
      "title": "Average Time Spent with Patient at Registration"
    }
  }, 
  {
    "pk": 16, 
    "model": "graphing.basegraph", 
    "fields": {
      "shortname": "Prior Birth distributions", 
      "title": "Distribution of Prior Births at Registration"
    }
  }, 
  {
    "pk": 15, 
    "model": "graphing.basegraph", 
    "fields": {
      "shortname": "Average number of Prior births", 
      "title": "Average number of Prior Births"
    }
  }, 
  {
    "pk": 14, 
    "model": "graphing.basegraph", 
    "fields": {
      "shortname": "User Registrations to Date", 
      "title": "Total Registrations by User"
    }
  }, 
  {
    "pk": 13, 
    "model": "graphing.basegraph", 
    "fields": {
      "shortname": "CHW Registrations Over Time", 
      "title": "CHW Registrations Over Time"
    }
  }, 
  {
    "pk": 12, 
    "model": "graphing.basegraph", 
    "fields": {
      "shortname": "Grameen User Daily Registrations", 
      "title": "Daily Pregnancy Registrations by user"
    }
  }, 
  {
    "pk": 11, 
    "model": "graphing.basegraph", 
    "fields": {
      "shortname": "Registrations per day", 
      "title": "Pregnancy Registration Activity"
    }
  }, 
  {
    "pk": 10, 
    "model": "graphing.basegraph", 
    "fields": {
      "shortname": "All Registrations", 
      "title": "All Pregnancy Registrations"
    }
  }, 
  {
    "pk": 9, 
    "model": "graphing.basegraph", 
    "fields": {
      "shortname": "absolute bar", 
      "title": "absolute bar"
    }
  }, 
  {
    "pk": 8, 
    "model": "graphing.basegraph", 
    "fields": {
      "shortname": "absolute line", 
      "title": "absolute line"
    }
  }, 
  {
    "pk": 7, 
    "model": "graphing.basegraph", 
    "fields": {
      "shortname": "cumulative line", 
      "title": "cumulative line"
    }
  }, 
  {
    "pk": 6, 
    "model": "graphing.basegraph", 
    "fields": {
      "shortname": "Global Daily Referral Count", 
      "title": "Global Report of Inbound Referrals (daily count)"
    }
  }, 
  {
    "pk": 5, 
    "model": "graphing.basegraph", 
    "fields": {
      "shortname": "Global Referral Trends", 
      "title": "Global Referral Trends (cumulative)"
    }
  }, 
  {
    "pk": 4, 
    "model": "graphing.basegraph", 
    "fields": {
      "shortname": "Histogram of all referrals", 
      "title": "Overall Given Referrals"
    }
  }, 
  {
    "pk": 3, 
    "model": "graphing.basegraph", 
    "fields": {
      "shortname": "Overall Submissions by User", 
      "title": "Overall Submissions by all users (cumulative)"
    }
  }, 
  {
    "pk": 2, 
    "model": "graphing.basegraph", 
    "fields": {
      "shortname": "Total User Submissions", 
      "title": "All Submissions by User"
    }
  }, 
  {
    "pk": 1, 
    "model": "graphing.basegraph", 
    "fields": {
      "shortname": "User Daily Submissions", 
      "title": "Submissions by User (daily count)"
    }
  }, 
  {
    "pk": 26, 
    "model": "graphing.rawgraph", 
    "fields": {
      "default_interval": 1000, 
      "series_labels": "Total | < 150 cm | Prev C-Sect | Prev Death | Prev Bleed | Heart Probs | Diabetes | Hip Probs | Syphilis | Hep B | Long Time | Low Hemoglb | Rare Blood ", 
      "data_source": "", 
      "y_axis_label": "Number of Registrations", 
      "x_type": "string", 
      "additional_options": "{\"legend\": { \"show\": false }}", 
      "time_bound": 0, 
      "x_axis_label": "High Risk Indicators", 
      "width": 950, 
      "interval_ranges": "", 
      "table_name": "schema_intel_grameen_safe_motherhood_registration_v0_3", 
      "display_type": "histogram-multifield-sorted", 
      "height": 300, 
      "db_query": "select \r\ncount(nullif(sampledata_hi_risk,'no')) as high_risk,\r\ncount(nullif(sampledata_mother_height,'over_150')) as small_frame,\r\ncount(nullif(sampledata_previous_csection,'no')) as previous_c_section,\r\ncount(nullif(sampledata_previous_newborn_death,'no')) as previous_newborn_death,\r\ncount(nullif(sampledata_previous_bleeding,'no')) as previous_bleeding,\r\ncount(nullif(sampledata_heart_problems,'no')) as heart_problems,\r\ncount(nullif(sampledata_diabetes,'no')) as diabetes,\r\ncount(nullif(sampledata_hip_problems,'no')) as hip_problems,\r\ncount(nullif(sampledata_card_results_syphilis_result,'negative')) as syphilis,\r\ncount(nullif(sampledata_card_results_hepb_result,'negative')) as hebp,\r\ncount(nullif(sampledata_over_5_years,'no')) as time_since_last,\r\ncount(nullif(sampledata_card_results_hb_test,'normal')) as low_hemoglobin,\r\ncount(nullif(sampledata_card_results_blood_group, 'opositive') OR\r\n         nullif(sampledata_card_results_blood_group, 'apositive') OR\r\n         nullif(sampledata_card_results_blood_group, 'abpositive') OR\r\n         nullif(sampledata_card_results_blood_group, 'bpositive')) as rare_blood\r\n\r\n\r\nfrom schema_intel_grameen_safe_motherhood_registration_v0_3\r\n\r\nwhere meta_username <> 'admin';"
    }
  }, 
  {
    "pk": 25,
    "model": "graphing.rawgraph",
    "fields": {
      "default_interval": 0,
      "series_labels": "% High Risk",
      "data_source": "",
      "y_axis_label": "Percent of Registrations which are High Risk",
      "x_type": "MM/DD/YYYY",
      "additional_options": "{\"yaxis\": {\"tickDecimals\": 0}, \"xaxis\": {\"minTickSize\": [1, \"day\"]}, \"legend\" : { \"position\": \"sw\" }}",
      "time_bound": 0,
      "x_axis_label": "Date of Registration",
      "width": 970,
      "interval_ranges": "",
      "table_name": "schema_intel_grameen_safe_motherhood_registration_v0_3  ",
      "display_type": "absolute-line",
      "height": 300,
      "db_query": "select DATE_FORMAT(a.meta_timeend,'%%m/%%d/%%Y'),\r\n(\r\n(100 * (select count(nullif(sampledata_hi_risk,'no')) from schema_intel_grameen_safe_motherhood_registration_v0_3 where meta_timeend <=a.meta_timeend)) /\r\n(select count(sampledata_hi_risk) from schema_intel_grameen_safe_motherhood_registration_v0_3 where meta_timeend <=a.meta_timeend)) as percent_hi_risk\r\n\r\nfrom schema_intel_grameen_safe_motherhood_registration_v0_3 as a\r\n\r\nwhere a.meta_username <> 'admin'\r\n\r\ngroup by DATE_FORMAT(a.meta_timeend,'%%m/%%d/%%Y');"
    }
  },
  {
    "pk": 24,
    "model": "graphing.rawgraph",
    "fields": {
      "default_interval": 0,
      "series_labels": "% High Risk",
      "data_source": "",
      "y_axis_label": "% Registrations which are High Risk",
      "x_type": "MM/DD/YYYY",
      "additional_options": "{\"yaxis\": {\"tickDecimals\": 0}, \"xaxis\": {\"minTickSize\": [1, \"day\"]}}",
      "time_bound": 0,
      "x_axis_label": "Date of Registration",
      "width": 970,
      "interval_ranges": "",
      "table_name": "schema_intel_grameen_safe_motherhood_registration_v0_3",
      "display_type": "absolute-line",
      "height": 300,
      "db_query": "select   DATE_FORMAT(meta_timeend,'%%m/%%d/%%Y'),\r\n((100 * count(nullif(sampledata_hi_risk,'no'))) / count(sampledata_hi_risk)) as hi_risk\r\n\r\nfrom schema_intel_grameen_safe_motherhood_registration_v0_3  \r\n\r\nwhere meta_username <> 'admin'\r\n\r\ngroup by DATE_FORMAT(meta_timeend,'%%m/%%d/%%Y');"
    }
  },
  {
    "pk": 23, 
    "model": "graphing.rawgraph", 
    "fields": {
      "series_labels": "High Risk|Regular", 
      "data_source": "", 
      "y_axis_label": "Number of Registrations", 
      "x_type": "MM/DD/YYYY", 
      "additional_options": "{\"yaxis\": {\"tickDecimals\": 0}, \"xaxis\": {\"minTickSize\": [1, \"day\"]}}", 
      "time_bound": 0, 
      "x_axis_label": "Date of Registration", 
      "table_name": "schema_intel_grameen_safe_motherhood_registration_v0_3  ", 
      "display_type": "cumulative-line", 
      "db_query": "select   DATE_FORMAT(meta_timeend,'%%m/%%d/%%Y'),\r\ncount(nullif(sampledata_hi_risk,'no')) as hi_risk, \r\ncount(nullif(sampledata_hi_risk,'yes')) as low_risk \r\n\r\nfrom schema_intel_grameen_safe_motherhood_registration_v0_3  \r\n\r\ngroup by DATE_FORMAT(meta_timeend,'%%m/%%d/%%Y');"
    }
  },  
  {
    "pk": 22, 
    "model": "graphing.rawgraph", 
    "fields": {
      "series_labels": "High Risk|Regular", 
      "data_source": "", 
      "y_axis_label": "Number of Registrations", 
      "x_type": "MM/DD/YYYY", 
      "additional_options": "{\"yaxis\": {\"tickDecimals\": 0}, \"xaxis\": {\"minTickSize\": [1, \"day\"]}}", 
      "time_bound": 0, 
      "x_axis_label": "Date of Registration", 
      "table_name": "schema_intel_grameen_safe_motherhood_registration_v0_3", 
      "display_type": "absolute-line", 
      "db_query": "select   DATE_FORMAT(meta_timeend,'%%m/%%d/%%Y'),\r\ncount(nullif(sampledata_hi_risk,'no')) as hi_risk, \r\ncount(nullif(sampledata_hi_risk,'yes')) as low_risk \r\n\r\nfrom schema_intel_grameen_safe_motherhood_registration_v0_3  \r\n\r\ngroup by DATE_FORMAT(meta_timeend,'%%m/%%d/%%Y');"
    }
  }, 
  {
    "pk": 20, 
    "model": "graphing.rawgraph", 
    "fields": {
      "series_labels": "Count", 
      "data_source": "", 
      "y_axis_label": "Number of Submissions", 
      "x_type": "MM/DD/YYYY", 
      "additional_options": "{\"yaxis\": {\"tickDecimals\": 0}}", 
      "time_bound": 1, 
      "default_interval": 30, 
      "interval_ranges": "7|30|90|365", 
      "x_axis_label": "Date", 
      "table_name": "xformmanager_metadata", 
      "display_type": "compare-cumulative", 
      "db_query": "select  DATE_FORMAT(timeend,'%%m/%%d/%%Y'), username, count(*)\r\nfrom xformmanager_metadata meta,\r\nxformmanager_formdefmodel forms, hq_domain domains\r\nwhere forms.id = meta.formdefmodel_id\r\nand forms.domain_id = domains.id\r\nand domains.name = '{{domain}}'\r\nand meta.timeend > '{{startdate}}'\r\nand meta.timeend < '{{enddate}}'\r\ngroup by\r\nDATE_FORMAT(timeend,'%%m/%%d/%%Y'), username\r\norder by timeend asc;"
    }
  }, 
  {
    "pk": 19, 
    "model": "graphing.rawgraph", 
    "fields": {
      "series_labels": "Count", 
      "data_source": "", 
      "y_axis_label": "Number of Submissions", 
      "x_type": "string", 
      "additional_options": "{\"legend\": { \"show\": false }, \"yaxis\": {\"tickDecimals\": 0}}", 
      "time_bound": 0, 
      "x_axis_label": "Community Health Care Worker", 
      "table_name": "xformmanager_metadata", 
      "display_type": "histogram-overall", 
      "db_query": "select meta.username, count(*) as cnt from xformmanager_metadata meta,\r\nxformmanager_formdefmodel forms, hq_domain domains\r\nwhere forms.id = meta.formdefmodel_id\r\nand forms.domain_id = domains.id\r\nand domains.name = '{{domain}}'\r\ngroup by username\r\n"
    }
  }, 
  {
    "pk": 18, 
    "model": "graphing.rawgraph", 
    "fields": {
      "series_labels": "Count", 
      "data_source": "", 
      "y_axis_label": "Number of Submissions", 
      "x_type": "string", 
      "additional_options": "{\"legend\": { \"show\": false}, \"yaxis\": {\"tickDecimals\": 0}}", 
      "time_bound": 0, 
      "x_axis_label": "Community Health Care Worker", 
      "table_name": "xformmanager_metadata", 
      "display_type": "histogram-overall", 
      "db_query": "select meta.username, count(*) as cnt from xformmanager_metadata meta,\r\nxformmanager_formdefmodel forms, hq_domain domains\r\nwhere forms.id = meta.formdefmodel_id\r\nand forms.domain_id = domains.id\r\nand domains.name = '{{domain}}'\r\nand meta.timeend > '{{startdate}}'\r\nand meta.timeend < '{{enddate}}'\r\ngroup by username\r\n"
    }
  }, 
  {
    "pk": 17, 
    "model": "graphing.rawgraph", 
    "fields": {
      "series_labels": "Time", 
      "data_source": "", 
      "y_axis_label": null, 
      "x_type": "string", 
      "additional_options": "", 
      "time_bound": 0, 
      "x_axis_label": "", 
      "table_name": "schema_intel_grameen_safe_motherhood_registration_v0_2", 
      "display_type": "histogram-overall", 
      "db_query": "select \r\ndistinct(meta_username), \r\navg(UNIX_TIMESTAMP(meta_timeend) - UNIX_TIMESTAMP(meta_timestart)) as avg \r\nfrom schema_intel_grameen_safe_motherhood_registration_v0_2\r\ngroup by meta_username\r\n\r\n\r\n"
    }
  }, 
  {
    "pk": 16, 
    "model": "graphing.rawgraph", 
    "fields": {
      "series_labels": "Counts", 
      "data_source": "", 
      "y_axis_label": null, 
      "x_type": "numeric", 
      "additional_options": "{\"legend\": { \"show\": false }, \"xaxis\": { \"max\": 100}}", 
      "time_bound": 0, 
      "x_axis_label": "Prior Births", 
      "table_name": "schema_intel_grameen_safe_motherhood_registration_v0_2", 
      "display_type": "histogram-overall", 
      "db_query": "select\r\n distinct(sampledata_previous_pregnancies), \r\n count(*) \r\nfrom schema_intel_grameen_safe_motherhood_registration_v0_2\r\n\r\nwhere sampledata_previous_pregnancies between '0' and '10'\r\n\r\ngroup by sampledata_previous_pregnancies \r\n\r\nORDER BY sampledata_previous_pregnancies ASC"
    }
  }, 
  {
    "pk": 15, 
    "model": "graphing.rawgraph", 
    "fields": {
      "series_labels": "Count", 
      "data_source": "", 
      "y_axis_label": null, 
      "x_type": "MM/DD/YYYY", 
      "additional_options": "", 
      "time_bound": 0, 
      "x_axis_label": "", 
      "table_name": "schema_intel_grameen_safe_motherhood_registration_v0_2", 
      "display_type": "absolute-line", 
      "db_query": "select \r\n DATE_FORMAT(meta_timeend,'%%m/%%d/%%Y'),\r\n avg(sampledata_previous_pregnancies) as avgbirth\r\n\r\nfrom schema_intel_grameen_safe_motherhood_registration_v0_2\r\n\r\ngroup by\r\nDATE_FORMAT(meta_timeend,'%%m/%%d/%%Y')\r\n;"
    }
  }, 
  {
    "pk": 14, 
    "model": "graphing.rawgraph", 
    "fields": {
      "series_labels": "Count", 
      "data_source": "", 
      "y_axis_label": null, 
      "x_type": "string", 
      "additional_options": "{\"legend\": { \"show\": false}}", 
      "time_bound": 0, 
      "x_axis_label": "Username", 
      "table_name": "schema_intel_grameen_safe_motherhood_followup_v0_1", 
      "display_type": "histogram-overall", 
      "db_query": "select\r\n distinct(meta_username), \r\ncount(*) \r\nfrom schema_intel_grameen_safe_motherhood_registration_v0_2\r\nwhere meta_username <> 'admin'\r\n\r\ngroup by meta_username"
    }
  }, 
  {
    "pk": 13, 
    "model": "graphing.rawgraph", 
    "fields": {
      "series_labels": "Count", 
      "data_source": "", 
      "y_axis_label": "Number of Registrations", 
      "x_type": "MM/DD/YYYY", 
      "additional_options": "{\"yaxis\": {\"tickDecimals\": 0}}", 
      "time_bound": 1, 
      "x_axis_label": "Date", 
      "table_name": "schema_intel_grameen_safe_motherhood_registration_v0_2", 
      "display_type": "compare-cumulative", 
      "db_query": "select\r\n  DATE_FORMAT(meta_timeend,'%%m/%%d/%%Y'), meta_username, count(*)\r\nfrom schema_intel_grameen_safe_motherhood_registration_v0_2\r\nwhere meta_timeend > '{{startdate}}'\r\nand meta_timeend < '{{enddate}}'\r\ngroup by\r\nDATE_FORMAT(meta_timeend,'%%m/%%d/%%Y'), meta_username\r\norder by meta_timeend asc;"
    }
  }, 
  {
    "pk": 12, 
    "model": "graphing.rawgraph", 
    "fields": {
      "series_labels": "username", 
      "data_source": "", 
      "y_axis_label": null, 
      "x_type": "MM/DD/YYYY", 
      "additional_options": "", 
      "time_bound": 0, 
      "x_axis_label": "Date", 
      "table_name": "schema_intel_grameen_safe_motherhood_registration_v0_2", 
      "display_type": "compare-trend", 
      "db_query": "select\r\n  DATE_FORMAT(meta_timeend,'%%m/%%d/%%Y'), meta_username, count(*)\r\nfrom schema_intel_grameen_safe_motherhood_registration_v0_2\r\ngroup by\r\nDATE_FORMAT(meta_timeend,'%%m/%%d/%%Y'), meta_username\r\norder by meta_timeend asc;"
    }
  }, 
  {
    "pk": 11, 
    "model": "graphing.rawgraph", 
    "fields": {
      "series_labels": "Count", 
      "data_source": "", 
      "y_axis_label": null, 
      "x_type": "MM/DD/YYYY", 
      "additional_options": "", 
      "time_bound": 0, 
      "x_axis_label": "", 
      "table_name": "schema_intel_grameen_safe_motherhood_registration_v0_2 ", 
      "display_type": "absolute-bar", 
      "db_query": "select\r\n  DATE_FORMAT(meta_timeend,'%%m/%%d/%%Y'),\r\n  count(*)\r\nfrom schema_intel_grameen_safe_motherhood_registration_v0_2 \r\ngroup by\r\nDATE_FORMAT(meta_timeend,'%%m/%%d/%%Y')\r\norder by meta_timeend asc;"
    }
  }, 
  {
    "pk": 10, 
    "model": "graphing.rawgraph", 
    "fields": {
      "series_labels": "Count", 
      "data_source": "", 
      "y_axis_label": null, 
      "x_type": "date", 
      "additional_options": "", 
      "time_bound": 0, 
      "x_axis_label": "", 
      "table_name": "schema_intel_grameen_safe_motherhood_registration_v0_2 ", 
      "display_type": "cumulative-line", 
      "db_query": "select\r\n  meta_timeend, count(*)\r\nfrom schema_intel_grameen_safe_motherhood_registration_v0_2\r\ngroup by\r\nDATE_FORMAT(meta_timeend,'%%m/%%d/%%Y')\r\norder by meta_timeend asc;"
    }
  }, 
  {
    "pk": 9, 
    "model": "graphing.rawgraph", 
    "fields": {
      "series_labels": "Children|Babies", 
      "data_source": "commcarehq", 
      "y_axis_label": null, 
      "x_type": "date", 
      "additional_options": "", 
      "time_bound": 0, 
      "x_axis_label": "Time", 
      "table_name": "schema_brac_chp_homevisit_v0_0_1", 
      "display_type": "absolute-bar", 
      "db_query": "select \r\n    timeend,\r\n    number_of_children,\r\n    num_of_baby \r\n\r\nfrom schema_brac_chp_homevisit_v0_0_1;"
    }
  }, 
  {
    "pk": 8, 
    "model": "graphing.rawgraph", 
    "fields": {
      "series_labels": "1|2", 
      "data_source": "asdf", 
      "y_axis_label": null, 
      "x_type": "date", 
      "additional_options": "", 
      "time_bound": 0, 
      "x_axis_label": "Time", 
      "table_name": "sadf", 
      "display_type": "absolute-line", 
      "db_query": "select \r\n    timeend,\r\n    number_of_children,\r\n    num_of_baby \r\n\r\nfrom schema_brac_chp_homevisit_v0_0_1;"
    }
  }, 
  {
    "pk": 7, 
    "model": "graphing.rawgraph", 
    "fields": {
      "series_labels": "0|1", 
      "data_source": "", 
      "y_axis_label": null, 
      "x_type": "date", 
      "additional_options": "", 
      "time_bound": 0, 
      "x_axis_label": "time", 
      "table_name": "fasdfwdrf", 
      "display_type": "cumulative-line", 
      "db_query": "select      \r\n   timeend,     \r\n   number_of_children,     \r\n   num_of_baby   \r\nfrom schema_brac_chp_homevisit_v0_0_1;"
    }
  }, 
  {
    "pk": 6, 
    "model": "graphing.rawgraph", 
    "fields": {
      "series_labels": "TB Test|Malaria|Preg Mother|Ante Natal|HIV Test|Birth Registration", 
      "data_source": "", 
      "y_axis_label": null, 
      "x_type": "MM/DD/YYYY", 
      "additional_options": "", 
      "time_bound": 0, 
      "x_axis_label": "", 
      "table_name": "schema_brac_chp_homevisit_v0_0_1", 
      "display_type": "absolute-line", 
      "db_query": "select\r\n  DATE_FORMAT(meta_timeend,'%%m/%%d/%%Y'), \r\n  sum(brac_referral_given_tb_test),\r\n  sum(brac_referral_given_malaria),\r\n  sum(brac_referral_given_preg_mother_tt),\r\n  sum(brac_referral_given_preg_mother_ante_natal),\r\n  sum(brac_referral_given_hiv_test),\r\n  sum(brac_referral_given_birth_registration)\r\nfrom schema_brac_chp_homevisit_v0_0_1\r\nwhere \r\nbrac_referral = 'y'\r\ngroup by\r\nDATE_FORMAT(meta_timeend,'%%m/%%d/%%Y')\r\norder by meta_timeend asc;"
    }
  }, 
  {
    "pk": 5, 
    "model": "graphing.rawgraph", 
    "fields": {
      "series_labels": "TB Test|Malaria|Preg Mother|Ante Natal|HIV Test|Birth Registration", 
      "data_source": "", 
      "y_axis_label": null, 
      "x_type": "MM/DD/YYYY", 
      "additional_options": "", 
      "time_bound": 0, 
      "x_axis_label": "asdf", 
      "table_name": "schema_brac_chp_homevisit_v0_0_1", 
      "display_type": "cumulative-line", 
      "db_query": "/*select\r\n  DATE_FORMAT(meta_timeend,'%%m/%%d/%%Y'), brac_referral, count(*)\r\nfrom schema_brac_chp_homevisit_v0_0_1\r\ngroup by\r\nDATE_FORMAT(meta_timeend,'%%m/%%d/%%Y'), brac_referral\r\norder by meta_timeend asc;*/\r\nselect\r\n  DATE_FORMAT(meta_timeend,'%%m/%%d/%%Y'), \r\n  sum(brac_referral_given_tb_test),\r\n  sum(brac_referral_given_malaria),\r\n  sum(brac_referral_given_preg_mother_tt),\r\n  sum(brac_referral_given_preg_mother_ante_natal),\r\n  sum(brac_referral_given_hiv_test),\r\n  sum(brac_referral_given_birth_registration)\r\nfrom schema_brac_chp_homevisit_v0_0_1\r\nwhere \r\nbrac_referral = 'y'\r\ngroup by\r\nDATE_FORMAT(meta_timeend,'%%m/%%d/%%Y')\r\norder by meta_timeend asc;"
    }
  }, 
  {
    "pk": 4, 
    "model": "graphing.rawgraph", 
    "fields": {
      "series_labels": "TB Test|Malaria|Preg Mother|Ante Natal|HIV Test|Birth Registration", 
      "data_source": "commcarehq", 
      "y_axis_label": null, 
      "x_type": "string", 
      "additional_options": "", 
      "time_bound": 0, 
      "x_axis_label": "val", 
      "table_name": "schema_brac_chp_homevisit_v0_0_1", 
      "display_type": "absolute-line", 
      "db_query": "/*select distinct(brac_referral_given), count(*) from schema_brac_chp_homevisit_v0_0_1 group by referral_given*/\r\nselect\r\n  sum(brac_referral_given_tb_test),\r\n  sum(brac_referral_given_malaria),\r\n  sum(brac_referral_given_preg_mother_tt),\r\n  sum(brac_referral_given_preg_mother_ante_natal),\r\n  sum(brac_referral_given_hiv_test),\r\n  sum(brac_referral_given_birth_registration)\r\nfrom schema_brac_chp_homevisit_v0_0_1\r\nwhere \r\nbrac_referral = 'y'\r\n\r\n"
    }
  }, 
  {
    "pk": 3, 
    "model": "graphing.rawgraph", 
    "fields": {
      "series_labels": "0", 
      "data_source": "", 
      "y_axis_label": null, 
      "x_type": "MM/DD/YYYY", 
      "additional_options": "", 
      "time_bound": 0, 
      "x_axis_label": "Date", 
      "table_name": "schema_brac_chp_homevisit_v0_0_1", 
      "display_type": "compare-cumulative", 
      "db_query": "select\r\n  DATE_FORMAT(meta_timeend,'%%m/%%d/%%Y'), meta_username, count(*)\r\nfrom schema_brac_chp_homevisit_v0_0_1\r\ngroup by\r\nDATE_FORMAT(meta_timeend,'%%m/%%d/%%Y'), meta_username\r\norder by meta_timeend asc;"
    }
  }, 
  {
    "pk": 2, 
    "model": "graphing.rawgraph", 
    "fields": {
      "series_labels": "count", 
      "data_source": "", 
      "y_axis_label": null, 
      "x_type": "string", 
      "additional_options": "", 
      "time_bound": 0, 
      "x_axis_label": "Username", 
      "table_name": "schema_brac_chp_homevisit_v0_0_1", 
      "display_type": "histogram-overall", 
      "db_query": "select distinct(meta_username), count(*) from schema_brac_chp_homevisit_v0_0_1 group by meta_username"
    }
  }, 
  {
    "pk": 1, 
    "model": "graphing.rawgraph", 
    "fields": {
      "series_labels": "Username", 
      "data_source": "", 
      "y_axis_label": null, 
      "x_type": "MM/DD/YYYY", 
      "additional_options": "", 
      "time_bound": 0, 
      "x_axis_label": "Date", 
      "table_name": "schema_brac_chp_homevisit_v0_0_1", 
      "display_type": "compare-trend", 
      "db_query": "select\r\n  DATE_FORMAT(meta_timeend,'%%m/%%d/%%Y'), meta_username, count(*)\r\nfrom schema_brac_chp_homevisit_v0_0_1\r\ngroup by\r\nDATE_FORMAT(meta_timeend,'%%m/%%d/%%Y'), meta_username\r\norder by meta_timeend asc;"
    }
  }, 
  {
    "pk": 1, 
    "model": "graphing.graphgroup", 
    "fields": {
      "parent_group": null, 
      "graphs": [], 
      "name": "Grameen Root Chart Group", 
      "description": "Grameen Root Chart Group"
    }
  }, 
  {
    "pk": 2, 
    "model": "graphing.graphgroup", 
    "fields": {
      "parent_group": 1, 
      "graphs": [
        20, 
        19, 
        18
      ], 
      "name": "Program Management", 
      "description": "Program Management Graphs"
    }
  }, 
  {
    "pk": 3, 
    "model": "graphing.graphgroup", 
    "fields": {
      "parent_group": null, 
      "graphs": [
        17, 
        14, 
        13, 
        12
      ], 
      "name": "Registration User Charts", 
      "description": "Registration stats by user"
    }
  }, 
  {
    "pk": 4, 
    "model": "graphing.graphgroup", 
    "fields": {
      "parent_group": 1, 
      "graphs": [
        23, 
        22 
      ], 
      "name": "Patient Management", 
      "description": "Stats on Pregnancy related data"
    }
  }, 
  {
    "pk": 5, 
    "model": "graphing.graphgroup", 
    "fields": {
      "parent_group": null, 
      "graphs": [], 
      "name": "BRAC root graphs", 
      "description": "BRAC Graph Root"
    }
  }, 
  {
    "pk": 6, 
    "model": "graphing.graphgroup", 
    "fields": {
      "parent_group": 5, 
      "graphs": [
        3, 
        2, 
        1
      ], 
      "name": "Brac User Charts", 
      "description": "Brac user charts"
    }
  }, 
  {
    "pk": 7, 
    "model": "graphing.graphgroup", 
    "fields": {
      "parent_group": 5, 
      "graphs": [
        6, 
        5, 
        4
      ], 
      "name": "Brac Data Charts", 
      "description": "Data data"
    }
  } 
]
