[
  {
    "pk": 20, 
    "model": "dbanalyzer.basegraph", 
    "fields": {
      "shortname": "CHW Submissions Over Time", 
      "title": "CHW Submissions Over Time"
    }
  }, 
  {
    "pk": 19, 
    "model": "dbanalyzer.basegraph", 
    "fields": {
      "shortname": "Total Submissions by CHW", 
      "title": "Total Submissions by CHW"
    }
  }, 
  {
    "pk": 18, 
    "model": "dbanalyzer.basegraph", 
    "fields": {
      "shortname": "CHW Submissions Today", 
      "title": "CHW Submissions Today"
    }
  }, 
  {
    "pk": 17, 
    "model": "dbanalyzer.basegraph", 
    "fields": {
      "shortname": "Avg time with patient", 
      "title": "Average Time Spent with Patient at Registration"
    }
  }, 
  {
    "pk": 16, 
    "model": "dbanalyzer.basegraph", 
    "fields": {
      "shortname": "Prior Birth distributions", 
      "title": "Distribution of Prior Births at Registration"
    }
  }, 
  {
    "pk": 15, 
    "model": "dbanalyzer.basegraph", 
    "fields": {
      "shortname": "Average number of Prior births", 
      "title": "Average number of Prior Births"
    }
  }, 
  {
    "pk": 14, 
    "model": "dbanalyzer.basegraph", 
    "fields": {
      "shortname": "User Registrations to Date", 
      "title": "Total Registrations by User"
    }
  }, 
  {
    "pk": 13, 
    "model": "dbanalyzer.basegraph", 
    "fields": {
      "shortname": "CHW Registrations Over Time", 
      "title": "CHW Registrations Over Time"
    }
  }, 
  {
    "pk": 12, 
    "model": "dbanalyzer.basegraph", 
    "fields": {
      "shortname": "Grameen User Daily Registrations", 
      "title": "Daily Pregnancy Registrations by user"
    }
  }, 
  {
    "pk": 11, 
    "model": "dbanalyzer.basegraph", 
    "fields": {
      "shortname": "Registrations per day", 
      "title": "Pregnancy Registration Activity"
    }
  }, 
  {
    "pk": 10, 
    "model": "dbanalyzer.basegraph", 
    "fields": {
      "shortname": "All Registrations", 
      "title": "All Pregnancy Registrations"
    }
  }, 
  {
    "pk": 9, 
    "model": "dbanalyzer.basegraph", 
    "fields": {
      "shortname": "absolute bar", 
      "title": "absolute bar"
    }
  }, 
  {
    "pk": 8, 
    "model": "dbanalyzer.basegraph", 
    "fields": {
      "shortname": "absolute line", 
      "title": "absolute line"
    }
  }, 
  {
    "pk": 7, 
    "model": "dbanalyzer.basegraph", 
    "fields": {
      "shortname": "cumulative line", 
      "title": "cumulative line"
    }
  }, 
  {
    "pk": 6, 
    "model": "dbanalyzer.basegraph", 
    "fields": {
      "shortname": "Global Daily Referral Count", 
      "title": "Global Report of Inbound Referrals (daily count)"
    }
  }, 
  {
    "pk": 5, 
    "model": "dbanalyzer.basegraph", 
    "fields": {
      "shortname": "Global Referral Trends", 
      "title": "Global Referral Trends (cumulative)"
    }
  }, 
  {
    "pk": 4, 
    "model": "dbanalyzer.basegraph", 
    "fields": {
      "shortname": "Histogram of all referrals", 
      "title": "Overall Given Referrals"
    }
  }, 
  {
    "pk": 3, 
    "model": "dbanalyzer.basegraph", 
    "fields": {
      "shortname": "Overall Submissions by User", 
      "title": "Overall Submissions by all users (cumulative)"
    }
  }, 
  {
    "pk": 2, 
    "model": "dbanalyzer.basegraph", 
    "fields": {
      "shortname": "Total User Submissions", 
      "title": "All Submissions by User"
    }
  }, 
  {
    "pk": 1, 
    "model": "dbanalyzer.basegraph", 
    "fields": {
      "shortname": "User Daily Submissions", 
      "title": "Submissions by User (daily count)"
    }
  }, 
  {
    "pk": 20, 
    "model": "dbanalyzer.rawgraph", 
    "fields": {
      "series_labels": "Count", 
      "data_source": "", 
      "x_type": "MM/DD/YYYY", 
      "additional_options": "{\"legend\": { \"show\": false }}", 
      "time_bound": 1, 
      "x_axis_label": "", 
      "table_name": "xformmanager_metadata", 
      "display_type": "compare-cumulative", 
      "db_query": "select\r\n  DATE_FORMAT(timeend,'%%m/%%d/%%Y'), username, count(*)\r\nfrom xformmanager_metadata\r\nwhere timeend > '{{startdate}}'\r\nand timeend < '{{enddate}}'\r\ngroup by\r\nDATE_FORMAT(timeend,'%%m/%%d/%%Y'), username\r\norder by timeend asc;"
    }
  }, 
  {
    "pk": 19, 
    "model": "dbanalyzer.rawgraph", 
    "fields": {
      "series_labels": "Count", 
      "data_source": "", 
      "x_type": "string", 
      "additional_options": "{\"legend\": { \"show\": false }}", 
      "time_bound": 0, 
      "x_axis_label": "CHW", 
      "table_name": "xformmanager_metadata", 
      "display_type": "histogram-overall", 
      "db_query": "select meta.username, count(*) as cnt from xformmanager_metadata meta,\r\nxformmanager_formdefmodel forms, organization_domain domains\r\nwhere forms.id = meta.formdefmodel_id\r\nand forms.domain_id = domains.id\r\nand domains.name = '{{domain}}'\r\ngroup by username\r\n"
    }
  }, 
  {
    "pk": 18, 
    "model": "dbanalyzer.rawgraph", 
    "fields": {
      "series_labels": "Count", 
      "data_source": "", 
      "x_type": "string", 
      "additional_options": "{\"legend\": { \"show\": false}}", 
      "time_bound": 0, 
      "x_axis_label": "", 
      "table_name": "xformmanager_metadata", 
      "display_type": "histogram-overall", 
      "db_query": "select meta.username, count(*) as cnt from xformmanager_metadata meta,\r\nxformmanager_formdefmodel forms, organization_domain domains\r\nwhere forms.id = meta.formdefmodel_id\r\nand forms.domain_id = domains.id\r\nand domains.name = '{{domain}}'\r\nand meta.timestart > '{{startdate}}'\r\nand meta.timestart < '{{enddate}}'\r\ngroup by username\r\n"
    }
  }, 
  {
    "pk": 17, 
    "model": "dbanalyzer.rawgraph", 
    "fields": {
      "series_labels": "Time", 
      "data_source": "", 
      "x_type": "string", 
      "additional_options": "", 
      "time_bound": 0, 
      "x_axis_label": "", 
      "table_name": "x_commcarehq_org_intel_grameen_safe_motherhood_registration_v0_2", 
      "display_type": "histogram-overall", 
      "db_query": "select \r\ndistinct(meta_username), \r\navg(UNIX_TIMESTAMP(meta_timeend) - UNIX_TIMESTAMP(meta_timestart)) as avg \r\nfrom x_commcarehq_org_intel_grameen_safe_motherhood_registration_v0_2\r\ngroup by meta_username\r\n\r\n\r\n"
    }
  }, 
  {
    "pk": 16, 
    "model": "dbanalyzer.rawgraph", 
    "fields": {
      "series_labels": "Counts", 
      "data_source": "", 
      "x_type": "numeric", 
      "additional_options": "{\"legend\": { \"show\": false }, \"xaxis\": { \"max\": 100}}", 
      "time_bound": 0, 
      "x_axis_label": "Prior Births", 
      "table_name": "x_commcarehq_org_intel_grameen_safe_motherhood_registration_v0_2", 
      "display_type": "histogram-overall", 
      "db_query": "select\r\n distinct(sampledata_previous_pregnancies), \r\n count(*) \r\nfrom x_commcarehq_org_intel_grameen_safe_motherhood_registration_v0_2\r\n\r\nwhere sampledata_previous_pregnancies between '0' and '10'\r\n\r\ngroup by sampledata_previous_pregnancies \r\n\r\nORDER BY sampledata_previous_pregnancies ASC"
    }
  }, 
  {
    "pk": 15, 
    "model": "dbanalyzer.rawgraph", 
    "fields": {
      "series_labels": "Count", 
      "data_source": "", 
      "x_type": "MM/DD/YYYY", 
      "additional_options": "", 
      "time_bound": 0, 
      "x_axis_label": "", 
      "table_name": "x_commcarehq_org_intel_grameen_safe_motherhood_registration_v0_2", 
      "display_type": "absolute-line", 
      "db_query": "select \r\n DATE_FORMAT(meta_timeend,'%%m/%%d/%%Y'),\r\n avg(sampledata_previous_pregnancies) as avgbirth\r\n\r\nfrom x_commcarehq_org_intel_grameen_safe_motherhood_registration_v0_2\r\n\r\ngroup by\r\nDATE_FORMAT(meta_timeend,'%%m/%%d/%%Y')\r\n;"
    }
  }, 
  {
    "pk": 14, 
    "model": "dbanalyzer.rawgraph", 
    "fields": {
      "series_labels": "Count", 
      "data_source": "", 
      "x_type": "string", 
      "additional_options": "{\"legend\": { \"show\": false}}", 
      "time_bound": 0, 
      "x_axis_label": "Username", 
      "table_name": "x_dev_commcarehq_org_intel_grameen_safe_motherhood_followup_v0_1", 
      "display_type": "histogram-overall", 
      "db_query": "select\r\n distinct(meta_username), \r\ncount(*) \r\nfrom x_commcarehq_org_intel_grameen_safe_motherhood_registration_v0_2\r\nwhere meta_username <> 'admin'\r\n\r\ngroup by meta_username"
    }
  }, 
  {
    "pk": 13, 
    "model": "dbanalyzer.rawgraph", 
    "fields": {
      "series_labels": "Count", 
      "data_source": "", 
      "x_type": "MM/DD/YYYY", 
      "additional_options": "", 
      "time_bound": 1, 
      "x_axis_label": "Date Filled Out", 
      "table_name": "x_commcarehq_org_intel_grameen_safe_motherhood_registration_v0_2", 
      "display_type": "compare-cumulative", 
      "db_query": "select\r\n  DATE_FORMAT(meta_timeend,'%%m/%%d/%%Y'), meta_username, count(*)\r\nfrom x_commcarehq_org_intel_grameen_safe_motherhood_registration_v0_2\r\nwhere meta_timestart > '{{startdate}}'\r\nand meta_timestart < '{{enddate}}'\r\ngroup by\r\nDATE_FORMAT(meta_timeend,'%%m/%%d/%%Y'), meta_username\r\norder by meta_timeend asc;"
    }
  }, 
  {
    "pk": 12, 
    "model": "dbanalyzer.rawgraph", 
    "fields": {
      "series_labels": "username", 
      "data_source": "", 
      "x_type": "MM/DD/YYYY", 
      "additional_options": "", 
      "time_bound": 0, 
      "x_axis_label": "Date", 
      "table_name": "x_commcarehq_org_intel_grameen_safe_motherhood_registration_v0_2", 
      "display_type": "compare-trend", 
      "db_query": "select\r\n  DATE_FORMAT(meta_timeend,'%%m/%%d/%%Y'), meta_username, count(*)\r\nfrom x_commcarehq_org_intel_grameen_safe_motherhood_registration_v0_2\r\ngroup by\r\nDATE_FORMAT(meta_timeend,'%%m/%%d/%%Y'), meta_username\r\norder by meta_timeend asc;"
    }
  }, 
  {
    "pk": 11, 
    "model": "dbanalyzer.rawgraph", 
    "fields": {
      "series_labels": "Count", 
      "data_source": "", 
      "x_type": "MM/DD/YYYY", 
      "additional_options": "", 
      "time_bound": 0, 
      "x_axis_label": "", 
      "table_name": "x_commcarehq_org_intel_grameen_safe_motherhood_registration_v0_2 ", 
      "display_type": "absolute-bar", 
      "db_query": "select\r\n  DATE_FORMAT(meta_timeend,'%%m/%%d/%%Y'),\r\n  count(*)\r\nfrom x_commcarehq_org_intel_grameen_safe_motherhood_registration_v0_2 \r\ngroup by\r\nDATE_FORMAT(meta_timeend,'%%m/%%d/%%Y')\r\norder by meta_timeend asc;"
    }
  }, 
  {
    "pk": 10, 
    "model": "dbanalyzer.rawgraph", 
    "fields": {
      "series_labels": "Count", 
      "data_source": "", 
      "x_type": "date", 
      "additional_options": "", 
      "time_bound": 0, 
      "x_axis_label": "", 
      "table_name": "x_commcarehq_org_intel_grameen_safe_motherhood_registration_v0_2 ", 
      "display_type": "cumulative-line", 
      "db_query": "select\r\n  meta_timeend, count(*)\r\nfrom x_commcarehq_org_intel_grameen_safe_motherhood_registration_v0_2\r\ngroup by\r\nDATE_FORMAT(meta_timeend,'%%m/%%d/%%Y')\r\norder by meta_timeend asc;"
    }
  }, 
  {
    "pk": 9, 
    "model": "dbanalyzer.rawgraph", 
    "fields": {
      "series_labels": "Children|Babies", 
      "data_source": "commcarehq", 
      "x_type": "date", 
      "additional_options": "", 
      "time_bound": 0, 
      "x_axis_label": "Time", 
      "table_name": "x_http__dev_commcarehq_org_brac_chp_homevisit_v0_0_1", 
      "display_type": "absolute-bar", 
      "db_query": "select \r\n    timeend,\r\n    number_of_children,\r\n    num_of_baby \r\n\r\nfrom x_http__dev_commcarehq_org_brac_chp_homevisit_v0_0_1;"
    }
  }, 
  {
    "pk": 8, 
    "model": "dbanalyzer.rawgraph", 
    "fields": {
      "series_labels": "1|2", 
      "data_source": "asdf", 
      "x_type": "date", 
      "additional_options": "", 
      "time_bound": 0, 
      "x_axis_label": "Time", 
      "table_name": "sadf", 
      "display_type": "absolute-line", 
      "db_query": "select \r\n    timeend,\r\n    number_of_children,\r\n    num_of_baby \r\n\r\nfrom x_http__dev_commcarehq_org_brac_chp_homevisit_v0_0_1;"
    }
  }, 
  {
    "pk": 7, 
    "model": "dbanalyzer.rawgraph", 
    "fields": {
      "series_labels": "0|1", 
      "data_source": "", 
      "x_type": "date", 
      "additional_options": "", 
      "time_bound": 0, 
      "x_axis_label": "time", 
      "table_name": "fasdfwdrf", 
      "display_type": "cumulative-line", 
      "db_query": "select      \r\n   timeend,     \r\n   number_of_children,     \r\n   num_of_baby   \r\nfrom x_http__dev_commcarehq_org_brac_chp_homevisit_v0_0_1;"
    }
  }, 
  {
    "pk": 6, 
    "model": "dbanalyzer.rawgraph", 
    "fields": {
      "series_labels": "TB Test|Malaria|Preg Mother|Ante Natal|HIV Test|Birth Registration", 
      "data_source": "", 
      "x_type": "MM/DD/YYYY", 
      "additional_options": "", 
      "time_bound": 0, 
      "x_axis_label": "", 
      "table_name": "x_http__dev_commcarehq_org_brac_chp_homevisit_v0_0_1", 
      "display_type": "absolute-line", 
      "db_query": "select\r\n  DATE_FORMAT(meta_timeend,'%%m/%%d/%%Y'), \r\n  sum(brac_referral_given_tb_test),\r\n  sum(brac_referral_given_malaria),\r\n  sum(brac_referral_given_preg_mother_tt),\r\n  sum(brac_referral_given_preg_mother_ante_natal),\r\n  sum(brac_referral_given_hiv_test),\r\n  sum(brac_referral_given_birth_registration)\r\nfrom x_http__dev_commcarehq_org_brac_chp_homevisit_v0_0_1\r\nwhere \r\nbrac_referral = 'y'\r\ngroup by\r\nDATE_FORMAT(meta_timeend,'%%m/%%d/%%Y')\r\norder by meta_timeend asc;"
    }
  }, 
  {
    "pk": 5, 
    "model": "dbanalyzer.rawgraph", 
    "fields": {
      "series_labels": "TB Test|Malaria|Preg Mother|Ante Natal|HIV Test|Birth Registration", 
      "data_source": "", 
      "x_type": "MM/DD/YYYY", 
      "additional_options": "", 
      "time_bound": 0, 
      "x_axis_label": "asdf", 
      "table_name": "x_http__dev_commcarehq_org_brac_chp_homevisit_v0_0_1", 
      "display_type": "cumulative-line", 
      "db_query": "/*select\r\n  DATE_FORMAT(meta_timeend,'%%m/%%d/%%Y'), brac_referral, count(*)\r\nfrom x_http__dev_commcarehq_org_brac_chp_homevisit_v0_0_1\r\ngroup by\r\nDATE_FORMAT(meta_timeend,'%%m/%%d/%%Y'), brac_referral\r\norder by meta_timeend asc;*/\r\nselect\r\n  DATE_FORMAT(meta_timeend,'%%m/%%d/%%Y'), \r\n  sum(brac_referral_given_tb_test),\r\n  sum(brac_referral_given_malaria),\r\n  sum(brac_referral_given_preg_mother_tt),\r\n  sum(brac_referral_given_preg_mother_ante_natal),\r\n  sum(brac_referral_given_hiv_test),\r\n  sum(brac_referral_given_birth_registration)\r\nfrom x_http__dev_commcarehq_org_brac_chp_homevisit_v0_0_1\r\nwhere \r\nbrac_referral = 'y'\r\ngroup by\r\nDATE_FORMAT(meta_timeend,'%%m/%%d/%%Y')\r\norder by meta_timeend asc;"
    }
  }, 
  {
    "pk": 4, 
    "model": "dbanalyzer.rawgraph", 
    "fields": {
      "series_labels": "TB Test|Malaria|Preg Mother|Ante Natal|HIV Test|Birth Registration", 
      "data_source": "commcarehq", 
      "x_type": "string", 
      "additional_options": "", 
      "time_bound": 0, 
      "x_axis_label": "val", 
      "table_name": "x_http__www_commcare_org_brac_chp_homevisit_v0_0_1", 
      "display_type": "absolute-line", 
      "db_query": "/*select distinct(brac_referral_given), count(*) from x_http__dev_commcarehq_org_brac_chp_homevisit_v0_0_1 group by referral_given*/\r\nselect\r\n  sum(brac_referral_given_tb_test),\r\n  sum(brac_referral_given_malaria),\r\n  sum(brac_referral_given_preg_mother_tt),\r\n  sum(brac_referral_given_preg_mother_ante_natal),\r\n  sum(brac_referral_given_hiv_test),\r\n  sum(brac_referral_given_birth_registration)\r\nfrom x_http__dev_commcarehq_org_brac_chp_homevisit_v0_0_1\r\nwhere \r\nbrac_referral = 'y'\r\n\r\n"
    }
  }, 
  {
    "pk": 3, 
    "model": "dbanalyzer.rawgraph", 
    "fields": {
      "series_labels": "0", 
      "data_source": "", 
      "x_type": "MM/DD/YYYY", 
      "additional_options": "", 
      "time_bound": 0, 
      "x_axis_label": "Date", 
      "table_name": "x_http__dev_commcarehq_org_brac_chp_homevisit_v0_0_1", 
      "display_type": "compare-cumulative", 
      "db_query": "select\r\n  DATE_FORMAT(meta_timeend,'%%m/%%d/%%Y'), meta_username, count(*)\r\nfrom x_http__dev_commcarehq_org_brac_chp_homevisit_v0_0_1\r\ngroup by\r\nDATE_FORMAT(meta_timeend,'%%m/%%d/%%Y'), meta_username\r\norder by meta_timeend asc;"
    }
  }, 
  {
    "pk": 2, 
    "model": "dbanalyzer.rawgraph", 
    "fields": {
      "series_labels": "count", 
      "data_source": "", 
      "x_type": "string", 
      "additional_options": "", 
      "time_bound": 0, 
      "x_axis_label": "Username", 
      "table_name": "x_http__dev_commcarehq_org_brac_chp_homevisit_v0_0_1", 
      "display_type": "histogram-overall", 
      "db_query": "select distinct(meta_username), count(*) from x_http__dev_commcarehq_org_brac_chp_homevisit_v0_0_1 group by meta_username"
    }
  }, 
  {
    "pk": 1, 
    "model": "dbanalyzer.rawgraph", 
    "fields": {
      "series_labels": "Username", 
      "data_source": "", 
      "x_type": "MM/DD/YYYY", 
      "additional_options": "", 
      "time_bound": 0, 
      "x_axis_label": "Date", 
      "table_name": "x_http__dev_commcarehq_org_brac_chp_homevisit_v0_0_1", 
      "display_type": "compare-trend", 
      "db_query": "select\r\n  DATE_FORMAT(meta_timeend,'%%m/%%d/%%Y'), meta_username, count(*)\r\nfrom x_http__dev_commcarehq_org_brac_chp_homevisit_v0_0_1\r\ngroup by\r\nDATE_FORMAT(meta_timeend,'%%m/%%d/%%Y'), meta_username\r\norder by meta_timeend asc;"
    }
  }, 
  {
    "pk": 1, 
    "model": "dbanalyzer.graphgroup", 
    "fields": {
      "parent_group": null, 
      "graphs": [], 
      "name": "Grameen Root Chart Group", 
      "description": "Grameen Root Chart Group"
    }
  }, 
  {
    "pk": 2, 
    "model": "dbanalyzer.graphgroup", 
    "fields": {
      "parent_group": 1, 
      "graphs": [
        20, 
        19, 
        18, 
        13
      ], 
      "name": "Program Management", 
      "description": "Program Management Graphs"
    }
  }, 
  {
    "pk": 3, 
    "model": "dbanalyzer.graphgroup", 
    "fields": {
      "parent_group": null, 
      "graphs": [
        17, 
        14, 
        13, 
        12
      ], 
      "name": "Registration User Charts", 
      "description": "Registration stats by user"
    }
  }, 
  {
    "pk": 4, 
    "model": "dbanalyzer.graphgroup", 
    "fields": {
      "parent_group": 1, 
      "graphs": [
        16
      ], 
      "name": "Patient Management", 
      "description": "Stats on Pregnancy related data"
    }
  }, 
  {
    "pk": 5, 
    "model": "dbanalyzer.graphgroup", 
    "fields": {
      "parent_group": null, 
      "graphs": [], 
      "name": "BRAC root graphs", 
      "description": "BRAC Graph Root"
    }
  }, 
  {
    "pk": 6, 
    "model": "dbanalyzer.graphgroup", 
    "fields": {
      "parent_group": 5, 
      "graphs": [
        3, 
        2, 
        1
      ], 
      "name": "Brac User Charts", 
      "description": "Brac user charts"
    }
  }, 
  {
    "pk": 7, 
    "model": "dbanalyzer.graphgroup", 
    "fields": {
      "parent_group": 5, 
      "graphs": [
        6, 
        5, 
        4
      ], 
      "name": "Brac Data Charts", 
      "description": "Data data"
    }
  } 
]
