[
    {
        "pk": 22, 
        "model": "auth.permission", 
        "fields": {
            "codename": "add_logentry", 
            "name": "Can add log entry", 
            "content_type": 8
        }
    }, 
    {
        "pk": 23, 
        "model": "auth.permission", 
        "fields": {
            "codename": "change_logentry", 
            "name": "Can change log entry", 
            "content_type": 8
        }
    }, 
    {
        "pk": 24, 
        "model": "auth.permission", 
        "fields": {
            "codename": "delete_logentry", 
            "name": "Can delete log entry", 
            "content_type": 8
        }
    }, 
    {
        "pk": 4, 
        "model": "auth.permission", 
        "fields": {
            "codename": "add_group", 
            "name": "Can add group", 
            "content_type": 2
        }
    }, 
    {
        "pk": 10, 
        "model": "auth.permission", 
        "fields": {
            "codename": "add_message", 
            "name": "Can add message", 
            "content_type": 4
        }
    }, 
    {
        "pk": 1, 
        "model": "auth.permission", 
        "fields": {
            "codename": "add_permission", 
            "name": "Can add permission", 
            "content_type": 1
        }
    }, 
    {
        "pk": 7, 
        "model": "auth.permission", 
        "fields": {
            "codename": "add_user", 
            "name": "Can add user", 
            "content_type": 3
        }
    }, 
    {
        "pk": 5, 
        "model": "auth.permission", 
        "fields": {
            "codename": "change_group", 
            "name": "Can change group", 
            "content_type": 2
        }
    }, 
    {
        "pk": 11, 
        "model": "auth.permission", 
        "fields": {
            "codename": "change_message", 
            "name": "Can change message", 
            "content_type": 4
        }
    }, 
    {
        "pk": 2, 
        "model": "auth.permission", 
        "fields": {
            "codename": "change_permission", 
            "name": "Can change permission", 
            "content_type": 1
        }
    }, 
    {
        "pk": 8, 
        "model": "auth.permission", 
        "fields": {
            "codename": "change_user", 
            "name": "Can change user", 
            "content_type": 3
        }
    }, 
    {
        "pk": 6, 
        "model": "auth.permission", 
        "fields": {
            "codename": "delete_group", 
            "name": "Can delete group", 
            "content_type": 2
        }
    }, 
    {
        "pk": 12, 
        "model": "auth.permission", 
        "fields": {
            "codename": "delete_message", 
            "name": "Can delete message", 
            "content_type": 4
        }
    }, 
    {
        "pk": 3, 
        "model": "auth.permission", 
        "fields": {
            "codename": "delete_permission", 
            "name": "Can delete permission", 
            "content_type": 1
        }
    }, 
    {
        "pk": 9, 
        "model": "auth.permission", 
        "fields": {
            "codename": "delete_user", 
            "name": "Can delete user", 
            "content_type": 3
        }
    }, 
    {
        "pk": 13, 
        "model": "auth.permission", 
        "fields": {
            "codename": "add_contenttype", 
            "name": "Can add content type", 
            "content_type": 5
        }
    }, 
    {
        "pk": 14, 
        "model": "auth.permission", 
        "fields": {
            "codename": "change_contenttype", 
            "name": "Can change content type", 
            "content_type": 5
        }
    }, 
    {
        "pk": 15, 
        "model": "auth.permission", 
        "fields": {
            "codename": "delete_contenttype", 
            "name": "Can delete content type", 
            "content_type": 5
        }
    }, 
    {
        "pk": 43, 
        "model": "auth.permission", 
        "fields": {
            "codename": "add_basegraph", 
            "name": "Can add base graph", 
            "content_type": 15
        }
    }, 
    {
        "pk": 49, 
        "model": "auth.permission", 
        "fields": {
            "codename": "add_graphgroup", 
            "name": "Can add graph group", 
            "content_type": 17
        }
    }, 
    {
        "pk": 52, 
        "model": "auth.permission", 
        "fields": {
            "codename": "add_graphpref", 
            "name": "Can add graph pref", 
            "content_type": 18
        }
    }, 
    {
        "pk": 46, 
        "model": "auth.permission", 
        "fields": {
            "codename": "add_rawgraph", 
            "name": "Can add Raw Graphing Requestor", 
            "content_type": 16
        }
    }, 
    {
        "pk": 44, 
        "model": "auth.permission", 
        "fields": {
            "codename": "change_basegraph", 
            "name": "Can change base graph", 
            "content_type": 15
        }
    }, 
    {
        "pk": 50, 
        "model": "auth.permission", 
        "fields": {
            "codename": "change_graphgroup", 
            "name": "Can change graph group", 
            "content_type": 17
        }
    }, 
    {
        "pk": 53, 
        "model": "auth.permission", 
        "fields": {
            "codename": "change_graphpref", 
            "name": "Can change graph pref", 
            "content_type": 18
        }
    }, 
    {
        "pk": 47, 
        "model": "auth.permission", 
        "fields": {
            "codename": "change_rawgraph", 
            "name": "Can change Raw Graphing Requestor", 
            "content_type": 16
        }
    }, 
    {
        "pk": 45, 
        "model": "auth.permission", 
        "fields": {
            "codename": "delete_basegraph", 
            "name": "Can delete base graph", 
            "content_type": 15
        }
    }, 
    {
        "pk": 51, 
        "model": "auth.permission", 
        "fields": {
            "codename": "delete_graphgroup", 
            "name": "Can delete graph group", 
            "content_type": 17
        }
    }, 
    {
        "pk": 54, 
        "model": "auth.permission", 
        "fields": {
            "codename": "delete_graphpref", 
            "name": "Can delete graph pref", 
            "content_type": 18
        }
    }, 
    {
        "pk": 48, 
        "model": "auth.permission", 
        "fields": {
            "codename": "delete_rawgraph", 
            "name": "Can delete Raw Graphing Requestor", 
            "content_type": 16
        }
    }, 
    {
        "pk": 55, 
        "model": "auth.permission", 
        "fields": {
            "codename": "add_permissions", 
            "name": "Can add permissions", 
            "content_type": 19
        }
    }, 
    {
        "pk": 58, 
        "model": "auth.permission", 
        "fields": {
            "codename": "can_view", 
            "name": "Can view", 
            "content_type": 19
        }
    }, 
    {
        "pk": 56, 
        "model": "auth.permission", 
        "fields": {
            "codename": "change_permissions", 
            "name": "Can change permissions", 
            "content_type": 19
        }
    }, 
    {
        "pk": 57, 
        "model": "auth.permission", 
        "fields": {
            "codename": "delete_permissions", 
            "name": "Can delete permissions", 
            "content_type": 19
        }
    }, 
    {
        "pk": 84, 
        "model": "auth.permission", 
        "fields": {
            "codename": "add_language", 
            "name": "Can add language", 
            "content_type": 28
        }
    }, 
    {
        "pk": 87, 
        "model": "auth.permission", 
        "fields": {
            "codename": "add_translation", 
            "name": "Can add translation", 
            "content_type": 29
        }
    }, 
    {
        "pk": 85, 
        "model": "auth.permission", 
        "fields": {
            "codename": "change_language", 
            "name": "Can change language", 
            "content_type": 28
        }
    }, 
    {
        "pk": 88, 
        "model": "auth.permission", 
        "fields": {
            "codename": "change_translation", 
            "name": "Can change translation", 
            "content_type": 29
        }
    }, 
    {
        "pk": 86, 
        "model": "auth.permission", 
        "fields": {
            "codename": "delete_language", 
            "name": "Can delete language", 
            "content_type": 28
        }
    }, 
    {
        "pk": 89, 
        "model": "auth.permission", 
        "fields": {
            "codename": "delete_translation", 
            "name": "Can delete translation", 
            "content_type": 29
        }
    }, 
    {
        "pk": 62, 
        "model": "auth.permission", 
        "fields": {
            "codename": "add_location", 
            "name": "Can add location", 
            "content_type": 21
        }
    }, 
    {
        "pk": 59, 
        "model": "auth.permission", 
        "fields": {
            "codename": "add_locationtype", 
            "name": "Can add Type", 
            "content_type": 20
        }
    }, 
    {
        "pk": 63, 
        "model": "auth.permission", 
        "fields": {
            "codename": "change_location", 
            "name": "Can change location", 
            "content_type": 21
        }
    }, 
    {
        "pk": 60, 
        "model": "auth.permission", 
        "fields": {
            "codename": "change_locationtype", 
            "name": "Can change Type", 
            "content_type": 20
        }
    }, 
    {
        "pk": 64, 
        "model": "auth.permission", 
        "fields": {
            "codename": "delete_location", 
            "name": "Can delete location", 
            "content_type": 21
        }
    }, 
    {
        "pk": 61, 
        "model": "auth.permission", 
        "fields": {
            "codename": "delete_locationtype", 
            "name": "Can delete Type", 
            "content_type": 20
        }
    }, 
    {
        "pk": 108, 
        "model": "auth.permission", 
        "fields": {
            "codename": "add_incomingmessage", 
            "name": "Can add incoming message", 
            "content_type": 36
        }
    }, 
    {
        "pk": 111, 
        "model": "auth.permission", 
        "fields": {
            "codename": "add_outgoingmessage", 
            "name": "Can add outgoing message", 
            "content_type": 37
        }
    }, 
    {
        "pk": 109, 
        "model": "auth.permission", 
        "fields": {
            "codename": "change_incomingmessage", 
            "name": "Can change incoming message", 
            "content_type": 36
        }
    }, 
    {
        "pk": 112, 
        "model": "auth.permission", 
        "fields": {
            "codename": "change_outgoingmessage", 
            "name": "Can change outgoing message", 
            "content_type": 37
        }
    }, 
    {
        "pk": 110, 
        "model": "auth.permission", 
        "fields": {
            "codename": "delete_incomingmessage", 
            "name": "Can delete incoming message", 
            "content_type": 36
        }
    }, 
    {
        "pk": 113, 
        "model": "auth.permission", 
        "fields": {
            "codename": "delete_outgoingmessage", 
            "name": "Can delete outgoing message", 
            "content_type": 37
        }
    }, 
    {
        "pk": 25, 
        "model": "auth.permission", 
        "fields": {
            "codename": "add_domain", 
            "name": "Can add Domain Account", 
            "content_type": 9
        }
    }, 
    {
        "pk": 34, 
        "model": "auth.permission", 
        "fields": {
            "codename": "add_extuser", 
            "name": "Can add Extended User", 
            "content_type": 12
        }
    }, 
    {
        "pk": 37, 
        "model": "auth.permission", 
        "fields": {
            "codename": "add_organization", 
            "name": "Can add Organization", 
            "content_type": 13
        }
    }, 
    {
        "pk": 28, 
        "model": "auth.permission", 
        "fields": {
            "codename": "add_organizationtype", 
            "name": "Can add Organization Type", 
            "content_type": 10
        }
    }, 
    {
        "pk": 31, 
        "model": "auth.permission", 
        "fields": {
            "codename": "add_reporterprofile", 
            "name": "Can add reporter profile", 
            "content_type": 11
        }
    }, 
    {
        "pk": 40, 
        "model": "auth.permission", 
        "fields": {
            "codename": "add_reportschedule", 
            "name": "Can add report schedule", 
            "content_type": 14
        }
    }, 
    {
        "pk": 26, 
        "model": "auth.permission", 
        "fields": {
            "codename": "change_domain", 
            "name": "Can change Domain Account", 
            "content_type": 9
        }
    }, 
    {
        "pk": 35, 
        "model": "auth.permission", 
        "fields": {
            "codename": "change_extuser", 
            "name": "Can change Extended User", 
            "content_type": 12
        }
    }, 
    {
        "pk": 38, 
        "model": "auth.permission", 
        "fields": {
            "codename": "change_organization", 
            "name": "Can change Organization", 
            "content_type": 13
        }
    }, 
    {
        "pk": 29, 
        "model": "auth.permission", 
        "fields": {
            "codename": "change_organizationtype", 
            "name": "Can change Organization Type", 
            "content_type": 10
        }
    }, 
    {
        "pk": 32, 
        "model": "auth.permission", 
        "fields": {
            "codename": "change_reporterprofile", 
            "name": "Can change reporter profile", 
            "content_type": 11
        }
    }, 
    {
        "pk": 41, 
        "model": "auth.permission", 
        "fields": {
            "codename": "change_reportschedule", 
            "name": "Can change report schedule", 
            "content_type": 14
        }
    }, 
    {
        "pk": 27, 
        "model": "auth.permission", 
        "fields": {
            "codename": "delete_domain", 
            "name": "Can delete Domain Account", 
            "content_type": 9
        }
    }, 
    {
        "pk": 36, 
        "model": "auth.permission", 
        "fields": {
            "codename": "delete_extuser", 
            "name": "Can delete Extended User", 
            "content_type": 12
        }
    }, 
    {
        "pk": 39, 
        "model": "auth.permission", 
        "fields": {
            "codename": "delete_organization", 
            "name": "Can delete Organization", 
            "content_type": 13
        }
    }, 
    {
        "pk": 30, 
        "model": "auth.permission", 
        "fields": {
            "codename": "delete_organizationtype", 
            "name": "Can delete Organization Type", 
            "content_type": 10
        }
    }, 
    {
        "pk": 33, 
        "model": "auth.permission", 
        "fields": {
            "codename": "delete_reporterprofile", 
            "name": "Can delete reporter profile", 
            "content_type": 11
        }
    }, 
    {
        "pk": 42, 
        "model": "auth.permission", 
        "fields": {
            "codename": "delete_reportschedule", 
            "name": "Can delete report schedule", 
            "content_type": 14
        }
    }, 
    {
        "pk": 65, 
        "model": "auth.permission", 
        "fields": {
            "codename": "add_pattern", 
            "name": "Can add pattern", 
            "content_type": 22
        }
    }, 
    {
        "pk": 66, 
        "model": "auth.permission", 
        "fields": {
            "codename": "change_pattern", 
            "name": "Can change pattern", 
            "content_type": 22
        }
    }, 
    {
        "pk": 67, 
        "model": "auth.permission", 
        "fields": {
            "codename": "delete_pattern", 
            "name": "Can delete pattern", 
            "content_type": 22
        }
    }, 
    {
        "pk": 120, 
        "model": "auth.permission", 
        "fields": {
            "codename": "add_attachment", 
            "name": "Can add Submission Attachment", 
            "content_type": 40
        }
    }, 
    {
        "pk": 117, 
        "model": "auth.permission", 
        "fields": {
            "codename": "add_backup", 
            "name": "Can add backup", 
            "content_type": 39
        }
    }, 
    {
        "pk": 114, 
        "model": "auth.permission", 
        "fields": {
            "codename": "add_submission", 
            "name": "Can add Submission Log", 
            "content_type": 38
        }
    }, 
    {
        "pk": 121, 
        "model": "auth.permission", 
        "fields": {
            "codename": "change_attachment", 
            "name": "Can change Submission Attachment", 
            "content_type": 40
        }
    }, 
    {
        "pk": 118, 
        "model": "auth.permission", 
        "fields": {
            "codename": "change_backup", 
            "name": "Can change backup", 
            "content_type": 39
        }
    }, 
    {
        "pk": 115, 
        "model": "auth.permission", 
        "fields": {
            "codename": "change_submission", 
            "name": "Can change Submission Log", 
            "content_type": 38
        }
    }, 
    {
        "pk": 122, 
        "model": "auth.permission", 
        "fields": {
            "codename": "delete_attachment", 
            "name": "Can delete Submission Attachment", 
            "content_type": 40
        }
    }, 
    {
        "pk": 119, 
        "model": "auth.permission", 
        "fields": {
            "codename": "delete_backup", 
            "name": "Can delete backup", 
            "content_type": 39
        }
    }, 
    {
        "pk": 116, 
        "model": "auth.permission", 
        "fields": {
            "codename": "delete_submission", 
            "name": "Can delete Submission Log", 
            "content_type": 38
        }
    }, 
    {
        "pk": 78, 
        "model": "auth.permission", 
        "fields": {
            "codename": "add_persistantbackend", 
            "name": "Can add Backend", 
            "content_type": 26
        }
    }, 
    {
        "pk": 81, 
        "model": "auth.permission", 
        "fields": {
            "codename": "add_persistantconnection", 
            "name": "Can add Connection", 
            "content_type": 27
        }
    }, 
    {
        "pk": 74, 
        "model": "auth.permission", 
        "fields": {
            "codename": "add_reporter", 
            "name": "Can add reporter", 
            "content_type": 25
        }
    }, 
    {
        "pk": 71, 
        "model": "auth.permission", 
        "fields": {
            "codename": "add_reportergroup", 
            "name": "Can add Group", 
            "content_type": 24
        }
    }, 
    {
        "pk": 68, 
        "model": "auth.permission", 
        "fields": {
            "codename": "add_role", 
            "name": "Can add role", 
            "content_type": 23
        }
    }, 
    {
        "pk": 77, 
        "model": "auth.permission", 
        "fields": {
            "codename": "can_view", 
            "name": "Can view", 
            "content_type": 25
        }
    }, 
    {
        "pk": 79, 
        "model": "auth.permission", 
        "fields": {
            "codename": "change_persistantbackend", 
            "name": "Can change Backend", 
            "content_type": 26
        }
    }, 
    {
        "pk": 82, 
        "model": "auth.permission", 
        "fields": {
            "codename": "change_persistantconnection", 
            "name": "Can change Connection", 
            "content_type": 27
        }
    }, 
    {
        "pk": 75, 
        "model": "auth.permission", 
        "fields": {
            "codename": "change_reporter", 
            "name": "Can change reporter", 
            "content_type": 25
        }
    }, 
    {
        "pk": 72, 
        "model": "auth.permission", 
        "fields": {
            "codename": "change_reportergroup", 
            "name": "Can change Group", 
            "content_type": 24
        }
    }, 
    {
        "pk": 69, 
        "model": "auth.permission", 
        "fields": {
            "codename": "change_role", 
            "name": "Can change role", 
            "content_type": 23
        }
    }, 
    {
        "pk": 80, 
        "model": "auth.permission", 
        "fields": {
            "codename": "delete_persistantbackend", 
            "name": "Can delete Backend", 
            "content_type": 26
        }
    }, 
    {
        "pk": 83, 
        "model": "auth.permission", 
        "fields": {
            "codename": "delete_persistantconnection", 
            "name": "Can delete Connection", 
            "content_type": 27
        }
    }, 
    {
        "pk": 76, 
        "model": "auth.permission", 
        "fields": {
            "codename": "delete_reporter", 
            "name": "Can delete reporter", 
            "content_type": 25
        }
    }, 
    {
        "pk": 73, 
        "model": "auth.permission", 
        "fields": {
            "codename": "delete_reportergroup", 
            "name": "Can delete Group", 
            "content_type": 24
        }
    }, 
    {
        "pk": 70, 
        "model": "auth.permission", 
        "fields": {
            "codename": "delete_role", 
            "name": "Can delete role", 
            "content_type": 23
        }
    }, 
    {
        "pk": 16, 
        "model": "auth.permission", 
        "fields": {
            "codename": "add_session", 
            "name": "Can add session", 
            "content_type": 6
        }
    }, 
    {
        "pk": 17, 
        "model": "auth.permission", 
        "fields": {
            "codename": "change_session", 
            "name": "Can change session", 
            "content_type": 6
        }
    }, 
    {
        "pk": 18, 
        "model": "auth.permission", 
        "fields": {
            "codename": "delete_session", 
            "name": "Can delete session", 
            "content_type": 6
        }
    }, 
    {
        "pk": 19, 
        "model": "auth.permission", 
        "fields": {
            "codename": "add_site", 
            "name": "Can add site", 
            "content_type": 7
        }
    }, 
    {
        "pk": 20, 
        "model": "auth.permission", 
        "fields": {
            "codename": "change_site", 
            "name": "Can change site", 
            "content_type": 7
        }
    }, 
    {
        "pk": 21, 
        "model": "auth.permission", 
        "fields": {
            "codename": "delete_site", 
            "name": "Can delete site", 
            "content_type": 7
        }
    }, 
    {
        "pk": 102, 
        "model": "auth.permission", 
        "fields": {
            "codename": "add_case", 
            "name": "Can add case", 
            "content_type": 34
        }
    }, 
    {
        "pk": 105, 
        "model": "auth.permission", 
        "fields": {
            "codename": "add_caseformidentifier", 
            "name": "Can add case form identifier", 
            "content_type": 35
        }
    }, 
    {
        "pk": 90, 
        "model": "auth.permission", 
        "fields": {
            "codename": "add_elementdefmodel", 
            "name": "Can add element def model", 
            "content_type": 30
        }
    }, 
    {
        "pk": 93, 
        "model": "auth.permission", 
        "fields": {
            "codename": "add_formdefmodel", 
            "name": "Can add form def model", 
            "content_type": 31
        }
    }, 
    {
        "pk": 99, 
        "model": "auth.permission", 
        "fields": {
            "codename": "add_formidentifier", 
            "name": "Can add form identifier", 
            "content_type": 33
        }
    }, 
    {
        "pk": 96, 
        "model": "auth.permission", 
        "fields": {
            "codename": "add_metadata", 
            "name": "Can add metadata", 
            "content_type": 32
        }
    }, 
    {
        "pk": 103, 
        "model": "auth.permission", 
        "fields": {
            "codename": "change_case", 
            "name": "Can change case", 
            "content_type": 34
        }
    }, 
    {
        "pk": 106, 
        "model": "auth.permission", 
        "fields": {
            "codename": "change_caseformidentifier", 
            "name": "Can change case form identifier", 
            "content_type": 35
        }
    }, 
    {
        "pk": 91, 
        "model": "auth.permission", 
        "fields": {
            "codename": "change_elementdefmodel", 
            "name": "Can change element def model", 
            "content_type": 30
        }
    }, 
    {
        "pk": 94, 
        "model": "auth.permission", 
        "fields": {
            "codename": "change_formdefmodel", 
            "name": "Can change form def model", 
            "content_type": 31
        }
    }, 
    {
        "pk": 100, 
        "model": "auth.permission", 
        "fields": {
            "codename": "change_formidentifier", 
            "name": "Can change form identifier", 
            "content_type": 33
        }
    }, 
    {
        "pk": 97, 
        "model": "auth.permission", 
        "fields": {
            "codename": "change_metadata", 
            "name": "Can change metadata", 
            "content_type": 32
        }
    }, 
    {
        "pk": 104, 
        "model": "auth.permission", 
        "fields": {
            "codename": "delete_case", 
            "name": "Can delete case", 
            "content_type": 34
        }
    }, 
    {
        "pk": 107, 
        "model": "auth.permission", 
        "fields": {
            "codename": "delete_caseformidentifier", 
            "name": "Can delete case form identifier", 
            "content_type": 35
        }
    }, 
    {
        "pk": 92, 
        "model": "auth.permission", 
        "fields": {
            "codename": "delete_elementdefmodel", 
            "name": "Can delete element def model", 
            "content_type": 30
        }
    }, 
    {
        "pk": 95, 
        "model": "auth.permission", 
        "fields": {
            "codename": "delete_formdefmodel", 
            "name": "Can delete form def model", 
            "content_type": 31
        }
    }, 
    {
        "pk": 101, 
        "model": "auth.permission", 
        "fields": {
            "codename": "delete_formidentifier", 
            "name": "Can delete form identifier", 
            "content_type": 33
        }
    }, 
    {
        "pk": 98, 
        "model": "auth.permission", 
        "fields": {
            "codename": "delete_metadata", 
            "name": "Can delete metadata", 
            "content_type": 32
        }
    }, 
    {
        "pk": 1, 
        "model": "auth.user", 
        "fields": {
            "username": "testadmin", 
            "first_name": "", 
            "last_name": "", 
            "is_active": 1, 
            "is_superuser": 1, 
            "is_staff": 1, 
            "last_login": "2009-04-22 18:09:57", 
            "groups": [], 
            "user_permissions": [], 
            "password": "sha1$f8636$9ce2327b480195f1c764ac05aad10dc1a106a58e", 
            "email": "admin@dimagi.com", 
            "date_joined": "2009-04-15 10:30:52"
        }
    }, 
    {
        "pk": 2, 
        "model": "auth.user", 
        "fields": {
            "username": "bracadmin", 
            "first_name": "", 
            "last_name": "", 
            "is_active": 1, 
            "is_superuser": 1, 
            "is_staff": 0, 
            "last_login": "2009-04-15 10:33:29", 
            "groups": [], 
            "user_permissions": [], 
            "password": "sha1$25e8d$45cfe119a9429d066168a20255f737dbffef6488", 
            "email": "dmyung+bracadmin@dimagi.com", 
            "date_joined": "2009-04-15 10:33:29"
        }
    }, 
    {
        "pk": 3, 
        "model": "auth.user", 
        "fields": {
            "username": "pfadmin", 
            "first_name": "", 
            "last_name": "", 
            "is_active": 1, 
            "is_superuser": 1, 
            "is_staff": 0, 
            "last_login": "2009-04-24 16:53:39", 
            "groups": [], 
            "user_permissions": [], 
            "password": "sha1$223b5$7e92dfc51c7ae3ad5b0fd4df4b52396630e72406", 
            "email": "", 
            "date_joined": "2009-04-15 10:34:06"
        }
    }, 
    {
        "pk": 4, 
        "model": "auth.user", 
        "fields": {
            "username": "gradmin", 
            "first_name": "", 
            "last_name": "", 
            "is_active": 1, 
            "is_superuser": 1, 
            "is_staff": 0, 
            "last_login": "2009-04-24 16:55:24", 
            "groups": [], 
            "user_permissions": [], 
            "password": "sha1$f8df4$5339016289f029e23e14466e735a3e8cf016b57f", 
            "email": "", 
            "date_joined": "2009-04-15 10:34:38"
        }
    }, 
    {
        "pk": 5, 
        "model": "auth.user", 
        "fields": {
            "username": "brian", 
            "first_name": "", 
            "last_name": "", 
            "is_active": 1, 
            "is_superuser": 1, 
            "is_staff": 1, 
            "last_login": "2009-07-30 14:05:18", 
            "groups": [], 
            "user_permissions": [], 
            "password": "sha1$245de$137d06d752eee1885a6bbd1e40cbe9150043dd5e", 
            "email": "dmyung+brian@dimagi.com", 
            "date_joined": "2009-04-15 10:35:01"
        }
    }, 
    {
        "pk": 6, 
        "model": "auth.user", 
        "fields": {
            "username": "gayo", 
            "first_name": "", 
            "last_name": "", 
            "is_active": 1, 
            "is_superuser": 0, 
            "is_staff": 0, 
            "last_login": "2009-04-15 10:35:25", 
            "groups": [], 
            "user_permissions": [], 
            "password": "sha1$2aa9b$f8ce3e507b719c97d8442e518f8632c4454e686f", 
            "email": "dmyung+gayo@dimagi.com", 
            "date_joined": "2009-04-15 10:35:25"
        }
    }, 
    {
        "pk": 7, 
        "model": "auth.user", 
        "fields": {
            "username": "pf1", 
            "first_name": "", 
            "last_name": "", 
            "is_active": 1, 
            "is_superuser": 0, 
            "is_staff": 0, 
            "last_login": "2009-04-15 10:57:13", 
            "groups": [], 
            "user_permissions": [], 
            "password": "test", 
            "email": "", 
            "date_joined": "2009-04-15 10:57:13"
        }
    }, 
    {
        "pk": 8, 
        "model": "auth.user", 
        "fields": {
            "username": "pf2", 
            "first_name": "", 
            "last_name": "", 
            "is_active": 1, 
            "is_superuser": 0, 
            "is_staff": 0, 
            "last_login": "2009-04-15 10:57:31", 
            "groups": [], 
            "user_permissions": [], 
            "password": "test", 
            "email": "", 
            "date_joined": "2009-04-15 10:57:31"
        }
    }, 
    {
        "pk": 9, 
        "model": "auth.user", 
        "fields": {
            "username": "br1", 
            "first_name": "", 
            "last_name": "", 
            "is_active": 1, 
            "is_superuser": 0, 
            "is_staff": 0, 
            "last_login": "2009-04-15 10:57:52", 
            "groups": [], 
            "user_permissions": [], 
            "password": "sha1$f0e70$8d5487476afde09a4a35de8d6ef3b39fba0b4405", 
            "email": "", 
            "date_joined": "2009-04-15 10:57:52"
        }
    }, 
    {
        "pk": 10, 
        "model": "auth.user", 
        "fields": {
            "username": "br2", 
            "first_name": "", 
            "last_name": "", 
            "is_active": 1, 
            "is_superuser": 0, 
            "is_staff": 0, 
            "last_login": "2009-04-15 10:58:07", 
            "groups": [], 
            "user_permissions": [], 
            "password": "sha1$a4c05$da3d0998c0d01ded87ffcd26cefdd5db619c6927", 
            "email": "", 
            "date_joined": "2009-04-15 10:58:07"
        }
    }, 
    {
        "pk": 11, 
        "model": "auth.user", 
        "fields": {
            "username": "grdoc", 
            "first_name": "", 
            "last_name": "", 
            "is_active": 1, 
            "is_superuser": 0, 
            "is_staff": 0, 
            "last_login": "2009-04-22 14:45:11", 
            "groups": [], 
            "user_permissions": [], 
            "password": "sha1$9df33$4bb013b189b71d3cfefa6f8b867c7a500ea46f68", 
            "email": "", 
            "date_joined": "2009-04-22 14:45:11"
        }
    }, 
    {
        "pk": 12, 
        "model": "auth.user", 
        "fields": {
            "username": "grsupervisor", 
            "first_name": "", 
            "last_name": "", 
            "is_active": 1, 
            "is_superuser": 0, 
            "is_staff": 0, 
            "last_login": "2009-04-22 14:45:36", 
            "groups": [], 
            "user_permissions": [], 
            "password": "sha1$4c2a2$cec32be6824786e76488aea338f350c6bbceb8eb", 
            "email": "dmyung+grsupervisor@dimagi.com", 
            "date_joined": "2009-04-22 14:45:36"
        }
    }, 
    {
        "pk": 13, 
        "model": "auth.user", 
        "fields": {
            "username": "grmobile1", 
            "first_name": "", 
            "last_name": "", 
            "is_active": 1, 
            "is_superuser": 0, 
            "is_staff": 0, 
            "last_login": "2009-04-22 14:45:55", 
            "groups": [], 
            "user_permissions": [], 
            "password": "sha1$ecda0$0728c9c311d4308333bb62058c1f2e979d2899ea", 
            "email": "", 
            "date_joined": "2009-04-22 14:45:55"
        }
    }, 
    {
        "pk": 14, 
        "model": "auth.user", 
        "fields": {
            "username": "grmobile2", 
            "first_name": "", 
            "last_name": "", 
            "is_active": 1, 
            "is_superuser": 0, 
            "is_staff": 0, 
            "last_login": "2009-04-22 14:46:11", 
            "groups": [], 
            "user_permissions": [], 
            "password": "sha1$6b5c2$12023bfbeb8ac8614d9d7800444f4b2053c67f3e", 
            "email": "", 
            "date_joined": "2009-04-22 14:46:11"
        }
    }, 
    {
        "pk": 15, 
        "model": "auth.user", 
        "fields": {
            "username": "mvpadmin", 
            "first_name": "", 
            "last_name": "", 
            "is_active": 1, 
            "is_superuser": 1, 
            "is_staff": 0, 
            "last_login": "2009-04-30 13:49:20", 
            "groups": [], 
            "user_permissions": [], 
            "password": "sha1$65d24$447a3770156eb7d91381819b14fb9c7a07ce15eb", 
            "email": "", 
            "date_joined": "2009-04-30 13:20:36"
        }
    }, 
    {
        "pk": 16, 
        "model": "auth.user", 
        "fields": {
            "username": "mvpuser1", 
            "first_name": "", 
            "last_name": "", 
            "is_active": 1, 
            "is_superuser": 0, 
            "is_staff": 0, 
            "last_login": "2009-04-30 13:21:57", 
            "groups": [], 
            "user_permissions": [], 
            "password": "resetme", 
            "email": "", 
            "date_joined": "2009-04-30 13:21:57"
        }
    }, 
    {
        "pk": 17, 
        "model": "auth.user", 
        "fields": {
            "username": "admin", 
            "first_name": "", 
            "last_name": "", 
            "is_active": 1, 
            "is_superuser": 1, 
            "is_staff": 1, 
            "last_login": "2009-07-30 14:05:02", 
            "groups": [], 
            "user_permissions": [], 
            "password": "sha1$bc8ac$8b214636a8525ab4b3b597e9c0729ccc27a7893a", 
            "email": "t@t.com", 
            "date_joined": "2009-07-30 14:03:27"
        }
    }, 
    {
        "pk": 26, 
        "model": "contenttypes.contenttype", 
        "fields": {
            "model": "persistantbackend", 
            "name": "Backend", 
            "app_label": "reporters"
        }
    }, 
    {
        "pk": 39, 
        "model": "contenttypes.contenttype", 
        "fields": {
            "model": "backup", 
            "name": "backup", 
            "app_label": "receiver"
        }
    }, 
    {
        "pk": 15, 
        "model": "contenttypes.contenttype", 
        "fields": {
            "model": "basegraph", 
            "name": "base graph", 
            "app_label": "dbanalyzer"
        }
    }, 
    {
        "pk": 34, 
        "model": "contenttypes.contenttype", 
        "fields": {
            "model": "case", 
            "name": "case", 
            "app_label": "xformmanager"
        }
    }, 
    {
        "pk": 35, 
        "model": "contenttypes.contenttype", 
        "fields": {
            "model": "caseformidentifier", 
            "name": "case form identifier", 
            "app_label": "xformmanager"
        }
    }, 
    {
        "pk": 27, 
        "model": "contenttypes.contenttype", 
        "fields": {
            "model": "persistantconnection", 
            "name": "Connection", 
            "app_label": "reporters"
        }
    }, 
    {
        "pk": 5, 
        "model": "contenttypes.contenttype", 
        "fields": {
            "model": "contenttype", 
            "name": "content type", 
            "app_label": "contenttypes"
        }
    }, 
    {
        "pk": 9, 
        "model": "contenttypes.contenttype", 
        "fields": {
            "model": "domain", 
            "name": "Domain Account", 
            "app_label": "organization"
        }
    }, 
    {
        "pk": 30, 
        "model": "contenttypes.contenttype", 
        "fields": {
            "model": "elementdefmodel", 
            "name": "element def model", 
            "app_label": "xformmanager"
        }
    }, 
    {
        "pk": 12, 
        "model": "contenttypes.contenttype", 
        "fields": {
            "model": "extuser", 
            "name": "Extended User", 
            "app_label": "organization"
        }
    }, 
    {
        "pk": 31, 
        "model": "contenttypes.contenttype", 
        "fields": {
            "model": "formdefmodel", 
            "name": "form def model", 
            "app_label": "xformmanager"
        }
    }, 
    {
        "pk": 33, 
        "model": "contenttypes.contenttype", 
        "fields": {
            "model": "formidentifier", 
            "name": "form identifier", 
            "app_label": "xformmanager"
        }
    }, 
    {
        "pk": 17, 
        "model": "contenttypes.contenttype", 
        "fields": {
            "model": "graphgroup", 
            "name": "graph group", 
            "app_label": "dbanalyzer"
        }
    }, 
    {
        "pk": 18, 
        "model": "contenttypes.contenttype", 
        "fields": {
            "model": "graphpref", 
            "name": "graph pref", 
            "app_label": "dbanalyzer"
        }
    }, 
    {
        "pk": 2, 
        "model": "contenttypes.contenttype", 
        "fields": {
            "model": "group", 
            "name": "group", 
            "app_label": "auth"
        }
    }, 
    {
        "pk": 24, 
        "model": "contenttypes.contenttype", 
        "fields": {
            "model": "reportergroup", 
            "name": "Group", 
            "app_label": "reporters"
        }
    }, 
    {
        "pk": 36, 
        "model": "contenttypes.contenttype", 
        "fields": {
            "model": "incomingmessage", 
            "name": "incoming message", 
            "app_label": "logger"
        }
    }, 
    {
        "pk": 28, 
        "model": "contenttypes.contenttype", 
        "fields": {
            "model": "language", 
            "name": "language", 
            "app_label": "i18n"
        }
    }, 
    {
        "pk": 21, 
        "model": "contenttypes.contenttype", 
        "fields": {
            "model": "location", 
            "name": "location", 
            "app_label": "locations"
        }
    }, 
    {
        "pk": 8, 
        "model": "contenttypes.contenttype", 
        "fields": {
            "model": "logentry", 
            "name": "log entry", 
            "app_label": "admin"
        }
    }, 
    {
        "pk": 4, 
        "model": "contenttypes.contenttype", 
        "fields": {
            "model": "message", 
            "name": "message", 
            "app_label": "auth"
        }
    }, 
    {
        "pk": 32, 
        "model": "contenttypes.contenttype", 
        "fields": {
            "model": "metadata", 
            "name": "metadata", 
            "app_label": "xformmanager"
        }
    }, 
    {
        "pk": 13, 
        "model": "contenttypes.contenttype", 
        "fields": {
            "model": "organization", 
            "name": "Organization", 
            "app_label": "organization"
        }
    }, 
    {
        "pk": 10, 
        "model": "contenttypes.contenttype", 
        "fields": {
            "model": "organizationtype", 
            "name": "Organization Type", 
            "app_label": "organization"
        }
    }, 
    {
        "pk": 37, 
        "model": "contenttypes.contenttype", 
        "fields": {
            "model": "outgoingmessage", 
            "name": "outgoing message", 
            "app_label": "logger"
        }
    }, 
    {
        "pk": 22, 
        "model": "contenttypes.contenttype", 
        "fields": {
            "model": "pattern", 
            "name": "pattern", 
            "app_label": "patterns"
        }
    }, 
    {
        "pk": 1, 
        "model": "contenttypes.contenttype", 
        "fields": {
            "model": "permission", 
            "name": "permission", 
            "app_label": "auth"
        }
    }, 
    {
        "pk": 19, 
        "model": "contenttypes.contenttype", 
        "fields": {
            "model": "permissions", 
            "name": "permissions", 
            "app_label": "httptester"
        }
    }, 
    {
        "pk": 16, 
        "model": "contenttypes.contenttype", 
        "fields": {
            "model": "rawgraph", 
            "name": "Raw Graphing Requestor", 
            "app_label": "dbanalyzer"
        }
    }, 
    {
        "pk": 14, 
        "model": "contenttypes.contenttype", 
        "fields": {
            "model": "reportschedule", 
            "name": "report schedule", 
            "app_label": "organization"
        }
    }, 
    {
        "pk": 25, 
        "model": "contenttypes.contenttype", 
        "fields": {
            "model": "reporter", 
            "name": "reporter", 
            "app_label": "reporters"
        }
    }, 
    {
        "pk": 11, 
        "model": "contenttypes.contenttype", 
        "fields": {
            "model": "reporterprofile", 
            "name": "reporter profile", 
            "app_label": "organization"
        }
    }, 
    {
        "pk": 23, 
        "model": "contenttypes.contenttype", 
        "fields": {
            "model": "role", 
            "name": "role", 
            "app_label": "reporters"
        }
    }, 
    {
        "pk": 6, 
        "model": "contenttypes.contenttype", 
        "fields": {
            "model": "session", 
            "name": "session", 
            "app_label": "sessions"
        }
    }, 
    {
        "pk": 7, 
        "model": "contenttypes.contenttype", 
        "fields": {
            "model": "site", 
            "name": "site", 
            "app_label": "sites"
        }
    }, 
    {
        "pk": 40, 
        "model": "contenttypes.contenttype", 
        "fields": {
            "model": "attachment", 
            "name": "Submission Attachment", 
            "app_label": "receiver"
        }
    }, 
    {
        "pk": 38, 
        "model": "contenttypes.contenttype", 
        "fields": {
            "model": "submission", 
            "name": "Submission Log", 
            "app_label": "receiver"
        }
    }, 
    {
        "pk": 29, 
        "model": "contenttypes.contenttype", 
        "fields": {
            "model": "translation", 
            "name": "translation", 
            "app_label": "i18n"
        }
    }, 
    {
        "pk": 20, 
        "model": "contenttypes.contenttype", 
        "fields": {
            "model": "locationtype", 
            "name": "Type", 
            "app_label": "locations"
        }
    }, 
    {
        "pk": 3, 
        "model": "contenttypes.contenttype", 
        "fields": {
            "model": "user", 
            "name": "user", 
            "app_label": "auth"
        }
    }, 
    {
        "pk": "83b905fde06d68736bec4294626cddff", 
        "model": "sessions.session", 
        "fields": {
            "expire_date": "2009-08-13 14:05:18", 
            "session_data": "gAJ9cQEoVRJfYXV0aF91c2VyX2JhY2tlbmRxAlUpZGphbmdvLmNvbnRyaWIuYXV0aC5iYWNrZW5k\ncy5Nb2RlbEJhY2tlbmRxA1UNX2F1dGhfdXNlcl9pZHEEigEFdS4wNjU1MWM4MGM0YmUwMjMwZTAw\nNWZkY2ZmOGUzZmVmNw==\n"
        }
    }, 
    {
        "pk": 1, 
        "model": "sites.site", 
        "fields": {
            "domain": "example.com", 
            "name": "example.com"
        }
    }, 
    {
        "pk": 1, 
        "model": "admin.logentry", 
        "fields": {
            "action_flag": 2, 
            "action_time": "2009-07-30 14:05:13", 
            "object_repr": "", 
            "object_id": "5", 
            "change_message": "Changed is_staff.", 
            "user": 17, 
            "content_type": 12
        }
    }, 
    {
        "pk": 1, 
        "model": "organization.domain", 
        "fields": {
            "name": "Pathfinder", 
            "description": ""
        }
    }, 
    {
        "pk": 2, 
        "model": "organization.domain", 
        "fields": {
            "name": "BRAC", 
            "description": ""
        }
    }, 
    {
        "pk": 3, 
        "model": "organization.domain", 
        "fields": {
            "name": "Grameen", 
            "description": ""
        }
    }, 
    {
        "pk": 4, 
        "model": "organization.domain", 
        "fields": {
            "name": "MVP", 
            "description": ""
        }
    }, 
    {
        "pk": 1, 
        "model": "organization.organizationtype", 
        "fields": {
            "domain": 1, 
            "name": "NGO", 
            "description": ""
        }
    }, 
    {
        "pk": 2, 
        "model": "organization.organizationtype", 
        "fields": {
            "domain": 2, 
            "name": "BRAC-Org", 
            "description": ""
        }
    }, 
    {
        "pk": 3, 
        "model": "organization.organizationtype", 
        "fields": {
            "domain": 3, 
            "name": "Grameen-Intel", 
            "description": ""
        }
    }, 
    {
        "pk": 4, 
        "model": "organization.organizationtype", 
        "fields": {
            "domain": 4, 
            "name": "MVP-Org", 
            "description": ""
        }
    }, 
    {
        "pk": 2, 
        "model": "organization.extuser", 
        "fields": {
            "chw_id": null, 
            "primary_phone": "+16176453236", 
            "reporter": null, 
            "domain": 2, 
            "groups": [], 
            "user_permissions": [], 
            "organization": null, 
            "chw_username": null
        }
    }, 
    {
        "pk": 3, 
        "model": "organization.extuser", 
        "fields": {
            "chw_id": null, 
            "primary_phone": "", 
            "reporter": null, 
            "domain": 1, 
            "groups": [], 
            "user_permissions": [], 
            "organization": null, 
            "chw_username": null
        }
    }, 
    {
        "pk": 4, 
        "model": "organization.extuser", 
        "fields": {
            "chw_id": null, 
            "primary_phone": "", 
            "reporter": null, 
            "domain": 3, 
            "groups": [], 
            "user_permissions": [], 
            "organization": null, 
            "chw_username": null
        }
    }, 
    {
        "pk": 5, 
        "model": "organization.extuser", 
        "fields": {
            "chw_id": "", 
            "primary_phone": "+16174016544", 
            "reporter": null, 
            "domain": 2, 
            "groups": [], 
            "user_permissions": [], 
            "organization": null, 
            "chw_username": ""
        }
    }, 
    {
        "pk": 6, 
        "model": "organization.extuser", 
        "fields": {
            "chw_id": null, 
            "primary_phone": "+16174016544", 
            "reporter": null, 
            "domain": 2, 
            "groups": [], 
            "user_permissions": [], 
            "organization": null, 
            "chw_username": null
        }
    }, 
    {
        "pk": 7, 
        "model": "organization.extuser", 
        "fields": {
            "chw_id": null, 
            "primary_phone": "", 
            "reporter": null, 
            "domain": 1, 
            "groups": [], 
            "user_permissions": [], 
            "organization": null, 
            "chw_username": null
        }
    }, 
    {
        "pk": 8, 
        "model": "organization.extuser", 
        "fields": {
            "chw_id": null, 
            "primary_phone": "", 
            "reporter": null, 
            "domain": 1, 
            "groups": [], 
            "user_permissions": [], 
            "organization": null, 
            "chw_username": null
        }
    }, 
    {
        "pk": 9, 
        "model": "organization.extuser", 
        "fields": {
            "chw_id": null, 
            "primary_phone": "+16176453236", 
            "reporter": null, 
            "domain": 2, 
            "groups": [], 
            "user_permissions": [], 
            "organization": null, 
            "chw_username": null
        }
    }, 
    {
        "pk": 10, 
        "model": "organization.extuser", 
        "fields": {
            "chw_id": null, 
            "primary_phone": "+16174016544", 
            "reporter": null, 
            "domain": 2, 
            "groups": [], 
            "user_permissions": [], 
            "organization": null, 
            "chw_username": null
        }
    }, 
    {
        "pk": 11, 
        "model": "organization.extuser", 
        "fields": {
            "chw_id": null, 
            "primary_phone": "", 
            "reporter": null, 
            "domain": 3, 
            "groups": [], 
            "user_permissions": [], 
            "organization": null, 
            "chw_username": null
        }
    }, 
    {
        "pk": 12, 
        "model": "organization.extuser", 
        "fields": {
            "chw_id": null, 
            "primary_phone": "+16174016544", 
            "reporter": null, 
            "domain": 3, 
            "groups": [], 
            "user_permissions": [], 
            "organization": null, 
            "chw_username": null
        }
    }, 
    {
        "pk": 13, 
        "model": "organization.extuser", 
        "fields": {
            "chw_id": null, 
            "primary_phone": "", 
            "reporter": null, 
            "domain": 3, 
            "groups": [], 
            "user_permissions": [], 
            "organization": null, 
            "chw_username": null
        }
    }, 
    {
        "pk": 14, 
        "model": "organization.extuser", 
        "fields": {
            "chw_id": null, 
            "primary_phone": "", 
            "reporter": null, 
            "domain": 3, 
            "groups": [], 
            "user_permissions": [], 
            "organization": null, 
            "chw_username": null
        }
    }, 
    {
        "pk": 15, 
        "model": "organization.extuser", 
        "fields": {
            "chw_id": "000", 
            "primary_phone": "", 
            "reporter": null, 
            "domain": 4, 
            "groups": [], 
            "user_permissions": [], 
            "organization": null, 
            "chw_username": null
        }
    }, 
    {
        "pk": 16, 
        "model": "organization.extuser", 
        "fields": {
            "chw_id": "001", 
            "primary_phone": "", 
            "reporter": null, 
            "domain": 4, 
            "groups": [], 
            "user_permissions": [], 
            "organization": null, 
            "chw_username": null
        }
    }, 
    {
        "pk": 1, 
        "model": "organization.organization", 
        "fields": {
            "domain": 1, 
            "name": "Pathfinder", 
            "parent": null, 
            "organization_type": [
                1
            ], 
            "supervisors": null, 
            "members": null, 
            "description": "TZ"
        }
    }, 
    {
        "pk": 2, 
        "model": "organization.organization", 
        "fields": {
            "domain": 2, 
            "name": "BRAC", 
            "parent": null, 
            "organization_type": [
                2
            ], 
            "supervisors": null, 
            "members": null, 
            "description": ""
        }
    }, 
    {
        "pk": 3, 
        "model": "organization.organization", 
        "fields": {
            "domain": 2, 
            "name": "BRAC-CHP", 
            "parent": 2, 
            "organization_type": [
                2
            ], 
            "supervisors": 1, 
            "members": 2, 
            "description": ""
        }
    }, 
    {
        "pk": 4, 
        "model": "organization.organization", 
        "fields": {
            "domain": 2, 
            "name": "BRAC-CHW", 
            "parent": 2, 
            "organization_type": [
                2
            ], 
            "supervisors": null, 
            "members": null, 
            "description": ""
        }
    }, 
    {
        "pk": 5, 
        "model": "organization.organization", 
        "fields": {
            "domain": 3, 
            "name": "Grameen-Intel", 
            "parent": null, 
            "organization_type": [
                3
            ], 
            "supervisors": null, 
            "members": null, 
            "description": ""
        }
    }, 
    {
        "pk": 6, 
        "model": "organization.organization", 
        "fields": {
            "domain": 4, 
            "name": "MVP", 
            "parent": null, 
            "organization_type": [
                4
            ], 
            "supervisors": null, 
            "members": null, 
            "description": "MVP root organization"
        }
    }, 
    {
        "pk": 1, 
        "model": "organization.reportschedule", 
        "fields": {
            "name": "Direct to bracadmin", 
            "report_delivery": "email", 
            "description": "Direct email to bracadmin", 
            "report_frequency": "daily", 
            "report_class": "siteadmin", 
            "active": 1, 
            "organization": 2, 
            "report_function": "", 
            "recipient_user": 2
        }
    }, 
    {
        "pk": 2, 
        "model": "organization.reportschedule", 
        "fields": {
            "name": "Brian Weekly Email", 
            "report_delivery": "email", 
            "description": "Brian's Weekly Email", 
            "report_frequency": "weekly", 
            "report_class": "supervisor", 
            "active": 1, 
            "organization": 3, 
            "report_function": "", 
            "recipient_user": null
        }
    }, 
    {
        "pk": 3, 
        "model": "organization.reportschedule", 
        "fields": {
            "name": "Brian Daily SMS", 
            "report_delivery": "sms", 
            "description": "Brian's Daily SMS as CHP Supervisor", 
            "report_frequency": "daily", 
            "report_class": "supervisor", 
            "active": 1, 
            "organization": 3, 
            "report_function": "", 
            "recipient_user": null
        }
    }, 
    {
        "pk": 4, 
        "model": "organization.reportschedule", 
        "fields": {
            "name": "Daily report to BRAC-CHW", 
            "report_delivery": "sms", 
            "description": "Daily SMS as CHW Member", 
            "report_frequency": "daily", 
            "report_class": "member", 
            "active": 1, 
            "organization": 4, 
            "report_function": "", 
            "recipient_user": null
        }
    }, 
    {
        "pk": 5, 
        "model": "organization.reportschedule", 
        "fields": {
            "name": "Supervisor weekly SMS CHP", 
            "report_delivery": "sms", 
            "description": "Supervisor weekly SMS CHP", 
            "report_frequency": "weekly", 
            "report_class": "supervisor", 
            "active": 1, 
            "organization": 3, 
            "report_function": "", 
            "recipient_user": null
        }
    }, 
    {
        "pk": 23, 
        "model": "dbanalyzer.basegraph", 
        "fields": {
            "shortname": "High Risk v. Regular Cumulative", 
            "title": "High Risk v. Regular Cumulative"
        }
    }, 
    {
        "pk": 22, 
        "model": "dbanalyzer.basegraph", 
        "fields": {
            "shortname": "High Risk v. Regular Over Time", 
            "title": "High Risk v. Regular Over Time"
        }
    }, 
    {
        "pk": 20, 
        "model": "dbanalyzer.basegraph", 
        "fields": {
            "shortname": "CHW Submissions Over Time", 
            "title": "CHW Submissions Over Time"
        }
    }, 
    {
        "pk": 19, 
        "model": "dbanalyzer.basegraph", 
        "fields": {
            "shortname": "Total Submissions by CHW", 
            "title": "Total Submissions by CHW"
        }
    }, 
    {
        "pk": 18, 
        "model": "dbanalyzer.basegraph", 
        "fields": {
            "shortname": "CHW Submissions Today", 
            "title": "CHW Submissions Today"
        }
    }, 
    {
        "pk": 17, 
        "model": "dbanalyzer.basegraph", 
        "fields": {
            "shortname": "Avg time with patient", 
            "title": "Average Time Spent with Patient at Registration"
        }
    }, 
    {
        "pk": 16, 
        "model": "dbanalyzer.basegraph", 
        "fields": {
            "shortname": "Prior Birth distributions", 
            "title": "Distribution of Prior Births at Registration"
        }
    }, 
    {
        "pk": 15, 
        "model": "dbanalyzer.basegraph", 
        "fields": {
            "shortname": "Average number of Prior births", 
            "title": "Average number of Prior Births"
        }
    }, 
    {
        "pk": 14, 
        "model": "dbanalyzer.basegraph", 
        "fields": {
            "shortname": "User Registrations to Date", 
            "title": "Total Registrations by User"
        }
    }, 
    {
        "pk": 13, 
        "model": "dbanalyzer.basegraph", 
        "fields": {
            "shortname": "CHW Registrations Over Time", 
            "title": "CHW Registrations Over Time"
        }
    }, 
    {
        "pk": 12, 
        "model": "dbanalyzer.basegraph", 
        "fields": {
            "shortname": "Grameen User Daily Registrations", 
            "title": "Daily Pregnancy Registrations by user"
        }
    }, 
    {
        "pk": 11, 
        "model": "dbanalyzer.basegraph", 
        "fields": {
            "shortname": "Registrations per day", 
            "title": "Pregnancy Registration Activity"
        }
    }, 
    {
        "pk": 10, 
        "model": "dbanalyzer.basegraph", 
        "fields": {
            "shortname": "All Registrations", 
            "title": "All Pregnancy Registrations"
        }
    }, 
    {
        "pk": 9, 
        "model": "dbanalyzer.basegraph", 
        "fields": {
            "shortname": "absolute bar", 
            "title": "absolute bar"
        }
    }, 
    {
        "pk": 8, 
        "model": "dbanalyzer.basegraph", 
        "fields": {
            "shortname": "absolute line", 
            "title": "absolute line"
        }
    }, 
    {
        "pk": 7, 
        "model": "dbanalyzer.basegraph", 
        "fields": {
            "shortname": "cumulative line", 
            "title": "cumulative line"
        }
    }, 
    {
        "pk": 6, 
        "model": "dbanalyzer.basegraph", 
        "fields": {
            "shortname": "Global Daily Referral Count", 
            "title": "Global Report of Inbound Referrals (daily count)"
        }
    }, 
    {
        "pk": 5, 
        "model": "dbanalyzer.basegraph", 
        "fields": {
            "shortname": "Global Referral Trends", 
            "title": "Global Referral Trends (cumulative)"
        }
    }, 
    {
        "pk": 4, 
        "model": "dbanalyzer.basegraph", 
        "fields": {
            "shortname": "Histogram of all referrals", 
            "title": "Overall Given Referrals"
        }
    }, 
    {
        "pk": 3, 
        "model": "dbanalyzer.basegraph", 
        "fields": {
            "shortname": "Overall Submissions by User", 
            "title": "Overall Submissions by all users (cumulative)"
        }
    }, 
    {
        "pk": 2, 
        "model": "dbanalyzer.basegraph", 
        "fields": {
            "shortname": "Total User Submissions", 
            "title": "All Submissions by User"
        }
    }, 
    {
        "pk": 1, 
        "model": "dbanalyzer.basegraph", 
        "fields": {
            "shortname": "User Daily Submissions", 
            "title": "Submissions by User (daily count)"
        }
    }, 
    {
        "pk": 23, 
        "model": "dbanalyzer.rawgraph", 
        "fields": {
            "default_interval": 0, 
            "series_labels": "High Risk|Regular", 
            "data_source": "", 
            "y_axis_label": "Number of Registrations", 
            "x_type": "MM/DD/YYYY", 
            "additional_options": "{\"yaxis\": {\"tickDecimals\": 0}, \"xaxis\": {\"minTickSize\": [1, \"day\"]}}", 
            "time_bound": 0, 
            "x_axis_label": "Date of Registration", 
            "width": 970, 
            "interval_ranges": null, 
            "table_name": "x_commcarehq_org_intel_grameen_safe_motherhood_registration_v0_3  ", 
            "display_type": "cumulative-line", 
            "height": 300, 
            "db_query": "select   DATE_FORMAT(meta_timeend,'%%m/%%d/%%Y'),\r\ncount(nullif(sampledata_hi_risk,'no')) as hi_risk, \r\ncount(nullif(sampledata_hi_risk,'yes')) as low_risk \r\n\r\nfrom x_commcarehq_org_intel_grameen_safe_motherhood_registration_v0_3  \r\n\r\ngroup by DATE_FORMAT(meta_timeend,'%%m/%%d/%%Y');"
        }
    }, 
    {
        "pk": 22, 
        "model": "dbanalyzer.rawgraph", 
        "fields": {
            "default_interval": 0, 
            "series_labels": "High Risk|Regular", 
            "data_source": "", 
            "y_axis_label": "Number of Registrations", 
            "x_type": "MM/DD/YYYY", 
            "additional_options": "{\"yaxis\": {\"tickDecimals\": 0}, \"xaxis\": {\"minTickSize\": [1, \"day\"]}}", 
            "time_bound": 0, 
            "x_axis_label": "Date of Registration", 
            "width": 970, 
            "interval_ranges": null, 
            "table_name": "x_commcarehq_org_intel_grameen_safe_motherhood_registration_v0_3", 
            "display_type": "absolute-line", 
            "height": 300, 
            "db_query": "select   DATE_FORMAT(meta_timeend,'%%m/%%d/%%Y'),\r\ncount(nullif(sampledata_hi_risk,'no')) as hi_risk, \r\ncount(nullif(sampledata_hi_risk,'yes')) as low_risk \r\n\r\nfrom x_commcarehq_org_intel_grameen_safe_motherhood_registration_v0_3  \r\n\r\ngroup by DATE_FORMAT(meta_timeend,'%%m/%%d/%%Y');"
        }
    }, 
    {
        "pk": 20, 
        "model": "dbanalyzer.rawgraph", 
        "fields": {
            "default_interval": 30, 
            "series_labels": "Count", 
            "data_source": "", 
            "y_axis_label": "Number of Submissions", 
            "x_type": "MM/DD/YYYY", 
            "additional_options": "{\"yaxis\": {\"tickDecimals\": 0}}", 
            "time_bound": 1, 
            "x_axis_label": "Date", 
            "width": 970, 
            "interval_ranges": "7|30|90|365", 
            "table_name": "xformmanager_metadata", 
            "display_type": "compare-cumulative", 
            "height": 300, 
            "db_query": "select  DATE_FORMAT(timeend,'%%m/%%d/%%Y'), username, count(*)\r\nfrom xformmanager_metadata meta,\r\nxformmanager_formdefmodel forms, organization_domain domains\r\nwhere forms.id = meta.formdefmodel_id\r\nand forms.domain_id = domains.id\r\nand domains.name = '{{domain}}'\r\nand meta.timeend > '{{startdate}}'\r\nand meta.timeend < '{{enddate}}'\r\ngroup by\r\nDATE_FORMAT(timeend,'%%m/%%d/%%Y'), username\r\norder by timeend asc;"
        }
    }, 
    {
        "pk": 19, 
        "model": "dbanalyzer.rawgraph", 
        "fields": {
            "default_interval": 0, 
            "series_labels": "Count", 
            "data_source": "", 
            "y_axis_label": "Number of Submissions", 
            "x_type": "string", 
            "additional_options": "{\"legend\": { \"show\": false }, \"yaxis\": {\"tickDecimals\": 0}}", 
            "time_bound": 0, 
            "x_axis_label": "Community Health Care Worker", 
            "width": 970, 
            "interval_ranges": null, 
            "table_name": "xformmanager_metadata", 
            "display_type": "histogram-overall", 
            "height": 300, 
            "db_query": "select meta.username, count(*) as cnt from xformmanager_metadata meta,\r\nxformmanager_formdefmodel forms, organization_domain domains\r\nwhere forms.id = meta.formdefmodel_id\r\nand forms.domain_id = domains.id\r\nand domains.name = '{{domain}}'\r\ngroup by username\r\n"
        }
    }, 
    {
        "pk": 18, 
        "model": "dbanalyzer.rawgraph", 
        "fields": {
            "default_interval": 0, 
            "series_labels": "Count", 
            "data_source": "", 
            "y_axis_label": "Number of Submissions", 
            "x_type": "string", 
            "additional_options": "{\"legend\": { \"show\": false}, \"yaxis\": {\"tickDecimals\": 0}}", 
            "time_bound": 0, 
            "x_axis_label": "Community Health Care Worker", 
            "width": 970, 
            "interval_ranges": null, 
            "table_name": "xformmanager_metadata", 
            "display_type": "histogram-overall", 
            "height": 300, 
            "db_query": "select meta.username, count(*) as cnt from xformmanager_metadata meta,\r\nxformmanager_formdefmodel forms, organization_domain domains\r\nwhere forms.id = meta.formdefmodel_id\r\nand forms.domain_id = domains.id\r\nand domains.name = '{{domain}}'\r\nand meta.timeend > '{{startdate}}'\r\nand meta.timeend < '{{enddate}}'\r\ngroup by username\r\n"
        }
    }, 
    {
        "pk": 17, 
        "model": "dbanalyzer.rawgraph", 
        "fields": {
            "default_interval": 0, 
            "series_labels": "Time", 
            "data_source": "", 
            "y_axis_label": null, 
            "x_type": "string", 
            "additional_options": "", 
            "time_bound": 0, 
            "x_axis_label": "", 
            "width": 970, 
            "interval_ranges": null, 
            "table_name": "x_commcarehq_org_intel_grameen_safe_motherhood_registration_v0_2", 
            "display_type": "histogram-overall", 
            "height": 300, 
            "db_query": "select \r\ndistinct(meta_username), \r\navg(UNIX_TIMESTAMP(meta_timeend) - UNIX_TIMESTAMP(meta_timestart)) as avg \r\nfrom x_commcarehq_org_intel_grameen_safe_motherhood_registration_v0_2\r\ngroup by meta_username\r\n\r\n\r\n"
        }
    }, 
    {
        "pk": 16, 
        "model": "dbanalyzer.rawgraph", 
        "fields": {
            "default_interval": 0, 
            "series_labels": "Counts", 
            "data_source": "", 
            "y_axis_label": null, 
            "x_type": "numeric", 
            "additional_options": "{\"legend\": { \"show\": false }, \"xaxis\": { \"max\": 100}}", 
            "time_bound": 0, 
            "x_axis_label": "Prior Births", 
            "width": 970, 
            "interval_ranges": null, 
            "table_name": "x_commcarehq_org_intel_grameen_safe_motherhood_registration_v0_2", 
            "display_type": "histogram-overall", 
            "height": 300, 
            "db_query": "select\r\n distinct(sampledata_previous_pregnancies), \r\n count(*) \r\nfrom x_commcarehq_org_intel_grameen_safe_motherhood_registration_v0_2\r\n\r\nwhere sampledata_previous_pregnancies between '0' and '10'\r\n\r\ngroup by sampledata_previous_pregnancies \r\n\r\nORDER BY sampledata_previous_pregnancies ASC"
        }
    }, 
    {
        "pk": 15, 
        "model": "dbanalyzer.rawgraph", 
        "fields": {
            "default_interval": 0, 
            "series_labels": "Count", 
            "data_source": "", 
            "y_axis_label": null, 
            "x_type": "MM/DD/YYYY", 
            "additional_options": "", 
            "time_bound": 0, 
            "x_axis_label": "", 
            "width": 970, 
            "interval_ranges": null, 
            "table_name": "x_commcarehq_org_intel_grameen_safe_motherhood_registration_v0_2", 
            "display_type": "absolute-line", 
            "height": 300, 
            "db_query": "select \r\n DATE_FORMAT(meta_timeend,'%%m/%%d/%%Y'),\r\n avg(sampledata_previous_pregnancies) as avgbirth\r\n\r\nfrom x_commcarehq_org_intel_grameen_safe_motherhood_registration_v0_2\r\n\r\ngroup by\r\nDATE_FORMAT(meta_timeend,'%%m/%%d/%%Y')\r\n;"
        }
    }, 
    {
        "pk": 14, 
        "model": "dbanalyzer.rawgraph", 
        "fields": {
            "default_interval": 0, 
            "series_labels": "Count", 
            "data_source": "", 
            "y_axis_label": null, 
            "x_type": "string", 
            "additional_options": "{\"legend\": { \"show\": false}}", 
            "time_bound": 0, 
            "x_axis_label": "Username", 
            "width": 970, 
            "interval_ranges": null, 
            "table_name": "x_dev_commcarehq_org_intel_grameen_safe_motherhood_followup_v0_1", 
            "display_type": "histogram-overall", 
            "height": 300, 
            "db_query": "select\r\n distinct(meta_username), \r\ncount(*) \r\nfrom x_commcarehq_org_intel_grameen_safe_motherhood_registration_v0_2\r\nwhere meta_username <> 'admin'\r\n\r\ngroup by meta_username"
        }
    }, 
    {
        "pk": 13, 
        "model": "dbanalyzer.rawgraph", 
        "fields": {
            "default_interval": 0, 
            "series_labels": "Count", 
            "data_source": "", 
            "y_axis_label": "Number of Registrations", 
            "x_type": "MM/DD/YYYY", 
            "additional_options": "{\"yaxis\": {\"tickDecimals\": 0}}", 
            "time_bound": 1, 
            "x_axis_label": "Date", 
            "width": 970, 
            "interval_ranges": null, 
            "table_name": "x_commcarehq_org_intel_grameen_safe_motherhood_registration_v0_2", 
            "display_type": "compare-cumulative", 
            "height": 300, 
            "db_query": "select\r\n  DATE_FORMAT(meta_timeend,'%%m/%%d/%%Y'), meta_username, count(*)\r\nfrom x_commcarehq_org_intel_grameen_safe_motherhood_registration_v0_2\r\nwhere meta_timeend > '{{startdate}}'\r\nand meta_timeend < '{{enddate}}'\r\ngroup by\r\nDATE_FORMAT(meta_timeend,'%%m/%%d/%%Y'), meta_username\r\norder by meta_timeend asc;"
        }
    }, 
    {
        "pk": 12, 
        "model": "dbanalyzer.rawgraph", 
        "fields": {
            "default_interval": 0, 
            "series_labels": "username", 
            "data_source": "", 
            "y_axis_label": null, 
            "x_type": "MM/DD/YYYY", 
            "additional_options": "", 
            "time_bound": 0, 
            "x_axis_label": "Date", 
            "width": 970, 
            "interval_ranges": null, 
            "table_name": "x_commcarehq_org_intel_grameen_safe_motherhood_registration_v0_2", 
            "display_type": "compare-trend", 
            "height": 300, 
            "db_query": "select\r\n  DATE_FORMAT(meta_timeend,'%%m/%%d/%%Y'), meta_username, count(*)\r\nfrom x_commcarehq_org_intel_grameen_safe_motherhood_registration_v0_2\r\ngroup by\r\nDATE_FORMAT(meta_timeend,'%%m/%%d/%%Y'), meta_username\r\norder by meta_timeend asc;"
        }
    }, 
    {
        "pk": 11, 
        "model": "dbanalyzer.rawgraph", 
        "fields": {
            "default_interval": 0, 
            "series_labels": "Count", 
            "data_source": "", 
            "y_axis_label": null, 
            "x_type": "MM/DD/YYYY", 
            "additional_options": "", 
            "time_bound": 0, 
            "x_axis_label": "", 
            "width": 970, 
            "interval_ranges": null, 
            "table_name": "x_commcarehq_org_intel_grameen_safe_motherhood_registration_v0_2 ", 
            "display_type": "absolute-bar", 
            "height": 300, 
            "db_query": "select\r\n  DATE_FORMAT(meta_timeend,'%%m/%%d/%%Y'),\r\n  count(*)\r\nfrom x_commcarehq_org_intel_grameen_safe_motherhood_registration_v0_2 \r\ngroup by\r\nDATE_FORMAT(meta_timeend,'%%m/%%d/%%Y')\r\norder by meta_timeend asc;"
        }
    }, 
    {
        "pk": 10, 
        "model": "dbanalyzer.rawgraph", 
        "fields": {
            "default_interval": 0, 
            "series_labels": "Count", 
            "data_source": "", 
            "y_axis_label": null, 
            "x_type": "date", 
            "additional_options": "", 
            "time_bound": 0, 
            "x_axis_label": "", 
            "width": 970, 
            "interval_ranges": null, 
            "table_name": "x_commcarehq_org_intel_grameen_safe_motherhood_registration_v0_2 ", 
            "display_type": "cumulative-line", 
            "height": 300, 
            "db_query": "select\r\n  meta_timeend, count(*)\r\nfrom x_commcarehq_org_intel_grameen_safe_motherhood_registration_v0_2\r\ngroup by\r\nDATE_FORMAT(meta_timeend,'%%m/%%d/%%Y')\r\norder by meta_timeend asc;"
        }
    }, 
    {
        "pk": 9, 
        "model": "dbanalyzer.rawgraph", 
        "fields": {
            "default_interval": 0, 
            "series_labels": "Children|Babies", 
            "data_source": "commcarehq", 
            "y_axis_label": null, 
            "x_type": "date", 
            "additional_options": "", 
            "time_bound": 0, 
            "x_axis_label": "Time", 
            "width": 970, 
            "interval_ranges": null, 
            "table_name": "x_http__dev_commcarehq_org_brac_chp_homevisit_v0_0_1", 
            "display_type": "absolute-bar", 
            "height": 300, 
            "db_query": "select \r\n    timeend,\r\n    number_of_children,\r\n    num_of_baby \r\n\r\nfrom x_http__dev_commcarehq_org_brac_chp_homevisit_v0_0_1;"
        }
    }, 
    {
        "pk": 8, 
        "model": "dbanalyzer.rawgraph", 
        "fields": {
            "default_interval": 0, 
            "series_labels": "1|2", 
            "data_source": "asdf", 
            "y_axis_label": null, 
            "x_type": "date", 
            "additional_options": "", 
            "time_bound": 0, 
            "x_axis_label": "Time", 
            "width": 970, 
            "interval_ranges": null, 
            "table_name": "sadf", 
            "display_type": "absolute-line", 
            "height": 300, 
            "db_query": "select \r\n    timeend,\r\n    number_of_children,\r\n    num_of_baby \r\n\r\nfrom x_http__dev_commcarehq_org_brac_chp_homevisit_v0_0_1;"
        }
    }, 
    {
        "pk": 7, 
        "model": "dbanalyzer.rawgraph", 
        "fields": {
            "default_interval": 0, 
            "series_labels": "0|1", 
            "data_source": "", 
            "y_axis_label": null, 
            "x_type": "date", 
            "additional_options": "", 
            "time_bound": 0, 
            "x_axis_label": "time", 
            "width": 970, 
            "interval_ranges": null, 
            "table_name": "fasdfwdrf", 
            "display_type": "cumulative-line", 
            "height": 300, 
            "db_query": "select      \r\n   timeend,     \r\n   number_of_children,     \r\n   num_of_baby   \r\nfrom x_http__dev_commcarehq_org_brac_chp_homevisit_v0_0_1;"
        }
    }, 
    {
        "pk": 6, 
        "model": "dbanalyzer.rawgraph", 
        "fields": {
            "default_interval": 0, 
            "series_labels": "TB Test|Malaria|Preg Mother|Ante Natal|HIV Test|Birth Registration", 
            "data_source": "", 
            "y_axis_label": null, 
            "x_type": "MM/DD/YYYY", 
            "additional_options": "", 
            "time_bound": 0, 
            "x_axis_label": "", 
            "width": 970, 
            "interval_ranges": null, 
            "table_name": "x_http__dev_commcarehq_org_brac_chp_homevisit_v0_0_1", 
            "display_type": "absolute-line", 
            "height": 300, 
            "db_query": "select\r\n  DATE_FORMAT(meta_timeend,'%%m/%%d/%%Y'), \r\n  sum(brac_referral_given_tb_test),\r\n  sum(brac_referral_given_malaria),\r\n  sum(brac_referral_given_preg_mother_tt),\r\n  sum(brac_referral_given_preg_mother_ante_natal),\r\n  sum(brac_referral_given_hiv_test),\r\n  sum(brac_referral_given_birth_registration)\r\nfrom x_http__dev_commcarehq_org_brac_chp_homevisit_v0_0_1\r\nwhere \r\nbrac_referral = 'y'\r\ngroup by\r\nDATE_FORMAT(meta_timeend,'%%m/%%d/%%Y')\r\norder by meta_timeend asc;"
        }
    }, 
    {
        "pk": 5, 
        "model": "dbanalyzer.rawgraph", 
        "fields": {
            "default_interval": 0, 
            "series_labels": "TB Test|Malaria|Preg Mother|Ante Natal|HIV Test|Birth Registration", 
            "data_source": "", 
            "y_axis_label": null, 
            "x_type": "MM/DD/YYYY", 
            "additional_options": "", 
            "time_bound": 0, 
            "x_axis_label": "asdf", 
            "width": 970, 
            "interval_ranges": null, 
            "table_name": "x_http__dev_commcarehq_org_brac_chp_homevisit_v0_0_1", 
            "display_type": "cumulative-line", 
            "height": 300, 
            "db_query": "/*select\r\n  DATE_FORMAT(meta_timeend,'%%m/%%d/%%Y'), brac_referral, count(*)\r\nfrom x_http__dev_commcarehq_org_brac_chp_homevisit_v0_0_1\r\ngroup by\r\nDATE_FORMAT(meta_timeend,'%%m/%%d/%%Y'), brac_referral\r\norder by meta_timeend asc;*/\r\nselect\r\n  DATE_FORMAT(meta_timeend,'%%m/%%d/%%Y'), \r\n  sum(brac_referral_given_tb_test),\r\n  sum(brac_referral_given_malaria),\r\n  sum(brac_referral_given_preg_mother_tt),\r\n  sum(brac_referral_given_preg_mother_ante_natal),\r\n  sum(brac_referral_given_hiv_test),\r\n  sum(brac_referral_given_birth_registration)\r\nfrom x_http__dev_commcarehq_org_brac_chp_homevisit_v0_0_1\r\nwhere \r\nbrac_referral = 'y'\r\ngroup by\r\nDATE_FORMAT(meta_timeend,'%%m/%%d/%%Y')\r\norder by meta_timeend asc;"
        }
    }, 
    {
        "pk": 4, 
        "model": "dbanalyzer.rawgraph", 
        "fields": {
            "default_interval": 0, 
            "series_labels": "TB Test|Malaria|Preg Mother|Ante Natal|HIV Test|Birth Registration", 
            "data_source": "commcarehq", 
            "y_axis_label": null, 
            "x_type": "string", 
            "additional_options": "", 
            "time_bound": 0, 
            "x_axis_label": "val", 
            "width": 970, 
            "interval_ranges": null, 
            "table_name": "x_http__www_commcare_org_brac_chp_homevisit_v0_0_1", 
            "display_type": "absolute-line", 
            "height": 300, 
            "db_query": "/*select distinct(brac_referral_given), count(*) from x_http__dev_commcarehq_org_brac_chp_homevisit_v0_0_1 group by referral_given*/\r\nselect\r\n  sum(brac_referral_given_tb_test),\r\n  sum(brac_referral_given_malaria),\r\n  sum(brac_referral_given_preg_mother_tt),\r\n  sum(brac_referral_given_preg_mother_ante_natal),\r\n  sum(brac_referral_given_hiv_test),\r\n  sum(brac_referral_given_birth_registration)\r\nfrom x_http__dev_commcarehq_org_brac_chp_homevisit_v0_0_1\r\nwhere \r\nbrac_referral = 'y'\r\n\r\n"
        }
    }, 
    {
        "pk": 3, 
        "model": "dbanalyzer.rawgraph", 
        "fields": {
            "default_interval": 0, 
            "series_labels": "0", 
            "data_source": "", 
            "y_axis_label": null, 
            "x_type": "MM/DD/YYYY", 
            "additional_options": "", 
            "time_bound": 0, 
            "x_axis_label": "Date", 
            "width": 970, 
            "interval_ranges": null, 
            "table_name": "x_http__dev_commcarehq_org_brac_chp_homevisit_v0_0_1", 
            "display_type": "compare-cumulative", 
            "height": 300, 
            "db_query": "select\r\n  DATE_FORMAT(meta_timeend,'%%m/%%d/%%Y'), meta_username, count(*)\r\nfrom x_http__dev_commcarehq_org_brac_chp_homevisit_v0_0_1\r\ngroup by\r\nDATE_FORMAT(meta_timeend,'%%m/%%d/%%Y'), meta_username\r\norder by meta_timeend asc;"
        }
    }, 
    {
        "pk": 2, 
        "model": "dbanalyzer.rawgraph", 
        "fields": {
            "default_interval": 0, 
            "series_labels": "count", 
            "data_source": "", 
            "y_axis_label": null, 
            "x_type": "string", 
            "additional_options": "", 
            "time_bound": 0, 
            "x_axis_label": "Username", 
            "width": 970, 
            "interval_ranges": null, 
            "table_name": "x_http__dev_commcarehq_org_brac_chp_homevisit_v0_0_1", 
            "display_type": "histogram-overall", 
            "height": 300, 
            "db_query": "select distinct(meta_username), count(*) from x_http__dev_commcarehq_org_brac_chp_homevisit_v0_0_1 group by meta_username"
        }
    }, 
    {
        "pk": 1, 
        "model": "dbanalyzer.rawgraph", 
        "fields": {
            "default_interval": 0, 
            "series_labels": "Username", 
            "data_source": "", 
            "y_axis_label": null, 
            "x_type": "MM/DD/YYYY", 
            "additional_options": "", 
            "time_bound": 0, 
            "x_axis_label": "Date", 
            "width": 970, 
            "interval_ranges": null, 
            "table_name": "x_http__dev_commcarehq_org_brac_chp_homevisit_v0_0_1", 
            "display_type": "compare-trend", 
            "height": 300, 
            "db_query": "select\r\n  DATE_FORMAT(meta_timeend,'%%m/%%d/%%Y'), meta_username, count(*)\r\nfrom x_http__dev_commcarehq_org_brac_chp_homevisit_v0_0_1\r\ngroup by\r\nDATE_FORMAT(meta_timeend,'%%m/%%d/%%Y'), meta_username\r\norder by meta_timeend asc;"
        }
    }, 
    {
        "pk": 1, 
        "model": "dbanalyzer.graphgroup", 
        "fields": {
            "parent_group": null, 
            "graphs": [], 
            "name": "Grameen Root Chart Group", 
            "description": "Grameen Root Chart Group"
        }
    }, 
    {
        "pk": 2, 
        "model": "dbanalyzer.graphgroup", 
        "fields": {
            "parent_group": 1, 
            "graphs": [
                20, 
                19, 
                18
            ], 
            "name": "Program Management", 
            "description": "Program Management Graphs"
        }
    }, 
    {
        "pk": 3, 
        "model": "dbanalyzer.graphgroup", 
        "fields": {
            "parent_group": null, 
            "graphs": [
                17, 
                14, 
                13, 
                12
            ], 
            "name": "Registration User Charts", 
            "description": "Registration stats by user"
        }
    }, 
    {
        "pk": 4, 
        "model": "dbanalyzer.graphgroup", 
        "fields": {
            "parent_group": 1, 
            "graphs": [
                23, 
                22
            ], 
            "name": "Patient Management", 
            "description": "Stats on Pregnancy related data"
        }
    }, 
    {
        "pk": 5, 
        "model": "dbanalyzer.graphgroup", 
        "fields": {
            "parent_group": null, 
            "graphs": [], 
            "name": "BRAC root graphs", 
            "description": "BRAC Graph Root"
        }
    }, 
    {
        "pk": 6, 
        "model": "dbanalyzer.graphgroup", 
        "fields": {
            "parent_group": 5, 
            "graphs": [
                3, 
                2, 
                1
            ], 
            "name": "Brac User Charts", 
            "description": "Brac user charts"
        }
    }, 
    {
        "pk": 7, 
        "model": "dbanalyzer.graphgroup", 
        "fields": {
            "parent_group": 5, 
            "graphs": [
                6, 
                5, 
                4
            ], 
            "name": "Brac Data Charts", 
            "description": "Data data"
        }
    }, 
    {
        "pk": 1, 
        "model": "dbanalyzer.graphpref", 
        "fields": {
            "user": 5, 
            "root_graphs": [
                5
            ]
        }
    }, 
    {
        "pk": 2, 
        "model": "dbanalyzer.graphpref", 
        "fields": {
            "user": 4, 
            "root_graphs": [
                1
            ]
        }
    }, 
    {
        "pk": 1, 
        "model": "reporters.reportergroup", 
        "fields": {
            "description": "BRAC CHW supervisors", 
            "parent": null, 
            "title": "brac-chw-supervisors"
        }
    }, 
    {
        "pk": 2, 
        "model": "reporters.reportergroup", 
        "fields": {
            "description": "BRAC CHW members", 
            "parent": null, 
            "title": "brac-chw-members"
        }
    }, 
    {
        "pk": 1, 
        "model": "reporters.reporter", 
        "fields": {
            "first_name": "", 
            "last_name": "", 
            "language": "en", 
            "registered_self": 0, 
            "alias": "bderenzi", 
            "role": null, 
            "location": null, 
            "groups": [
                1
            ]
        }
    }, 
    {
        "pk": 1, 
        "model": "reporters.persistantbackend", 
        "fields": {
            "slug": "http", 
            "title": "http"
        }
    }, 
    {
        "pk": 1, 
        "model": "reporters.persistantconnection", 
        "fields": {
            "last_seen": null, 
            "reporter": 1, 
            "identity": "13", 
            "backend": 1
        }
    }
]
